Period,Metric,Value,Ticker,Frequency
2021-09-30,Basic EPS,,AAPL,annual
2021-09-30,Cost Of Revenue,,AAPL,annual
2021-09-30,EBITDA,,AAPL,annual
2021-09-30,Gross Profit,,AAPL,annual
2021-09-30,Net Income,,AAPL,annual
2021-09-30,Operating Expense,,AAPL,annual
2021-09-30,Operating Income,,AAPL,annual
2021-09-30,Total Revenue,,AAPL,annual
2022-09-30,Basic EPS,6.15,AAPL,annual
2022-09-30,Cost Of Revenue,223546000000.0,AAPL,annual
2022-09-30,EBITDA,130541000000.0,AAPL,annual
2022-09-30,Gross Profit,170782000000.0,AAPL,annual
2022-09-30,Net Income,99803000000.0,AAPL,annual
2022-09-30,Operating Expense,51345000000.0,AAPL,annual
2022-09-30,Operating Income,119437000000.0,AAPL,annual
2022-09-30,Total Revenue,394328000000.0,AAPL,annual
2023-09-30,Basic EPS,6.16,AAPL,annual
2023-09-30,Cost Of Revenue,214137000000.0,AAPL,annual
2023-09-30,EBITDA,125820000000.0,AAPL,annual
2023-09-30,Gross Profit,169148000000.0,AAPL,annual
2023-09-30,Net Income,96995000000.0,AAPL,annual
2023-09-30,Operating Expense,54847000000.0,AAPL,annual
2023-09-30,Operating Income,114301000000.0,AAPL,annual
2023-09-30,Total Revenue,383285000000.0,AAPL,annual
2024-09-30,Basic EPS,6.11,AAPL,annual
2024-09-30,Cost Of Revenue,210352000000.0,AAPL,annual
2024-09-30,EBITDA,134661000000.0,AAPL,annual
2024-09-30,Gross Profit,180683000000.0,AAPL,annual
2024-09-30,Net Income,93736000000.0,AAPL,annual
2024-09-30,Operating Expense,57467000000.0,AAPL,annual
2024-09-30,Operating Income,123216000000.0,AAPL,annual
2024-09-30,Total Revenue,391035000000.0,AAPL,annual
2025-03-31,Basic EPS,1.65,AAPL,quarterly
2025-03-31,Cost Of Revenue,50492000000.0,AAPL,quarterly
2025-03-31,EBITDA,32250000000.0,AAPL,quarterly
2025-03-31,Gross Profit,44867000000.0,AAPL,quarterly
2025-03-31,Net Income,24780000000.0,AAPL,quarterly
2025-03-31,Operating Expense,15278000000.0,AAPL,quarterly
2025-03-31,Operating Income,29589000000.0,AAPL,quarterly
2025-03-31,Total Revenue,95359000000.0,AAPL,quarterly
2025-06-30,Basic EPS,1.57,AAPL,quarterly
2025-06-30,Cost Of Revenue,50318000000.0,AAPL,quarterly
2025-06-30,EBITDA,31032000000.0,AAPL,quarterly
2025-06-30,Gross Profit,43718000000.0,AAPL,quarterly
2025-06-30,Net Income,23434000000.0,AAPL,quarterly
2025-06-30,Operating Expense,15516000000.0,AAPL,quarterly
2025-06-30,Operating Income,28202000000.0,AAPL,quarterly
2025-06-30,Total Revenue,94036000000.0,AAPL,quarterly
2025-09-30,Basic EPS,7.49,AAPL,annual
2025-09-30,Basic EPS,1.85,AAPL,quarterly
2025-09-30,Cost Of Revenue,220960000000.0,AAPL,annual
2025-09-30,Cost Of Revenue,54125000000.0,AAPL,quarterly
2025-09-30,EBITDA,144748000000.0,AAPL,annual
2025-09-30,EBITDA,35554000000.0,AAPL,quarterly
2025-09-30,Gross Profit,195201000000.0,AAPL,annual
2025-09-30,Gross Profit,48341000000.0,AAPL,quarterly
2025-09-30,Net Income,112010000000.0,AAPL,annual
2025-09-30,Net Income,27466000000.0,AAPL,quarterly
2025-09-30,Operating Expense,62151000000.0,AAPL,annual
2025-09-30,Operating Expense,15914000000.0,AAPL,quarterly
2025-09-30,Operating Income,133050000000.0,AAPL,annual
2025-09-30,Operating Income,32427000000.0,AAPL,quarterly
2025-09-30,Total Revenue,416161000000.0,AAPL,annual
2025-09-30,Total Revenue,102466000000.0,AAPL,quarterly
2025-12-31,Basic EPS,2.85,AAPL,quarterly
2025-12-31,Cost Of Revenue,74525000000.0,AAPL,quarterly
2025-12-31,EBITDA,54066000000.0,AAPL,quarterly
2025-12-31,Gross Profit,69231000000.0,AAPL,quarterly
2025-12-31,Net Income,42097000000.0,AAPL,quarterly
2025-12-31,Operating Expense,18379000000.0,AAPL,quarterly
2025-12-31,Operating Income,50852000000.0,AAPL,quarterly
2025-12-31,Total Revenue,143756000000.0,AAPL,quarterly
2026-03-31,Basic EPS,2.02,AAPL,quarterly
2026-03-31,Cost Of Revenue,56403000000.0,AAPL,quarterly
2026-03-31,EBITDA,39324000000.0,AAPL,quarterly
2026-03-31,Gross Profit,54781000000.0,AAPL,quarterly
2026-03-31,Net Income,29578000000.0,AAPL,quarterly
2026-03-31,Operating Expense,18896000000.0,AAPL,quarterly
2026-03-31,Operating Income,35885000000.0,AAPL,quarterly
2026-03-31,Total Revenue,111184000000.0,AAPL,quarterly
2022-12-31,Basic EPS,-0.447253,ALAB,annual
2022-12-31,Cost Of Revenue,21191000.0,ALAB,annual
2022-12-31,EBITDA,-59387000.0,ALAB,annual
2022-12-31,Gross Profit,58681000.0,ALAB,annual
2022-12-31,Net Income,-58345000.0,ALAB,annual
2022-12-31,Operating Expense,118875000.0,ALAB,annual
2022-12-31,Operating Income,-60194000.0,ALAB,annual
2022-12-31,Total Revenue,79872000.0,ALAB,annual
2023-12-31,Basic EPS,-0.172174,ALAB,annual
2023-12-31,Cost Of Revenue,35967000.0,ALAB,annual
2023-12-31,EBITDA,-27716000.0,ALAB,annual
2023-12-31,Gross Profit,79827000.0,ALAB,annual
2023-12-31,Net Income,-26257000.0,ALAB,annual
2023-12-31,Operating Expense,109324000.0,ALAB,annual
2023-12-31,Operating Income,-29497000.0,ALAB,annual
2023-12-31,Total Revenue,115794000.0,ALAB,annual
2024-12-31,Basic EPS,-0.64,ALAB,annual
2024-12-31,Basic EPS,0.15,ALAB,quarterly
2024-12-31,Cost Of Revenue,93591000.0,ALAB,annual
2024-12-31,Cost Of Revenue,36648000.0,ALAB,quarterly
2024-12-31,EBITDA,-112912000.0,ALAB,annual
2024-12-31,EBITDA,1118000.0,ALAB,quarterly
2024-12-31,Gross Profit,302699000.0,ALAB,annual
2024-12-31,Gross Profit,104448000.0,ALAB,quarterly
2024-12-31,Net Income,-83421000.0,ALAB,annual
2024-12-31,Net Income,24713000.0,ALAB,quarterly
2024-12-31,Operating Expense,418765000.0,ALAB,annual
2024-12-31,Operating Expense,104304000.0,ALAB,quarterly
2024-12-31,Operating Income,-116066000.0,ALAB,annual
2024-12-31,Operating Income,144000.0,ALAB,quarterly
2024-12-31,Total Revenue,396290000.0,ALAB,annual
2024-12-31,Total Revenue,141096000.0,ALAB,quarterly
2025-03-31,Basic EPS,0.19,ALAB,quarterly
2025-03-31,Cost Of Revenue,40031000.0,ALAB,quarterly
2025-03-31,EBITDA,12410000.0,ALAB,quarterly
2025-03-31,Gross Profit,119411000.0,ALAB,quarterly
2025-03-31,Net Income,31819000.0,ALAB,quarterly
2025-03-31,Operating Expense,108126000.0,ALAB,quarterly
2025-03-31,Operating Income,11285000.0,ALAB,quarterly
2025-03-31,Total Revenue,159442000.0,ALAB,quarterly
2025-06-30,Basic EPS,0.31,ALAB,quarterly
2025-06-30,Cost Of Revenue,46362000.0,ALAB,quarterly
2025-06-30,EBITDA,41166000.0,ALAB,quarterly
2025-06-30,Gross Profit,145563000.0,ALAB,quarterly
2025-06-30,Net Income,51219000.0,ALAB,quarterly
2025-06-30,Operating Expense,105789000.0,ALAB,quarterly
2025-06-30,Operating Income,39774000.0,ALAB,quarterly
2025-06-30,Total Revenue,191925000.0,ALAB,quarterly
2025-09-30,Basic EPS,0.54,ALAB,quarterly
2025-09-30,Cost Of Revenue,54763000.0,ALAB,quarterly
2025-09-30,EBITDA,56872000.0,ALAB,quarterly
2025-09-30,Gross Profit,175812000.0,ALAB,quarterly
2025-09-30,Net Income,91114000.0,ALAB,quarterly
2025-09-30,Operating Expense,120406000.0,ALAB,quarterly
2025-09-30,Operating Income,55406000.0,ALAB,quarterly
2025-09-30,Total Revenue,230575000.0,ALAB,quarterly
2025-12-31,Basic EPS,1.32,ALAB,annual
2025-12-31,Basic EPS,0.27,ALAB,quarterly
2025-12-31,Cost Of Revenue,207264000.0,ALAB,annual
2025-12-31,Cost Of Revenue,66108000.0,ALAB,quarterly
2025-12-31,EBITDA,180252000.0,ALAB,annual
2025-12-31,EBITDA,69804000.0,ALAB,quarterly
2025-12-31,Gross Profit,645261000.0,ALAB,annual
2025-12-31,Gross Profit,204475000.0,ALAB,quarterly
2025-12-31,Net Income,219134000.0,ALAB,annual
2025-12-31,Net Income,44982000.0,ALAB,quarterly
2025-12-31,Operating Expense,471838000.0,ALAB,annual
2025-12-31,Operating Expense,137517000.0,ALAB,quarterly
2025-12-31,Operating Income,173423000.0,ALAB,annual
2025-12-31,Operating Income,66958000.0,ALAB,quarterly
2025-12-31,Total Revenue,852525000.0,ALAB,annual
2025-12-31,Total Revenue,270583000.0,ALAB,quarterly
2021-12-31,Basic EPS,,AMD,annual
2021-12-31,Cost Of Revenue,,AMD,annual
2021-12-31,EBITDA,,AMD,annual
2021-12-31,Gross Profit,,AMD,annual
2021-12-31,Net Income,,AMD,annual
2021-12-31,Operating Expense,,AMD,annual
2021-12-31,Operating Income,,AMD,annual
2021-12-31,Total Revenue,,AMD,annual
2022-12-31,Basic EPS,0.85,AMD,annual
2022-12-31,Cost Of Revenue,12998000000.0,AMD,annual
2022-12-31,EBITDA,5534000000.0,AMD,annual
2022-12-31,Gross Profit,10603000000.0,AMD,annual
2022-12-31,Net Income,1320000000.0,AMD,annual
2022-12-31,Operating Expense,9339000000.0,AMD,annual
2022-12-31,Operating Income,1264000000.0,AMD,annual
2022-12-31,Total Revenue,23601000000.0,AMD,annual
2023-12-31,Basic EPS,0.53,AMD,annual
2023-12-31,Cost Of Revenue,12220000000.0,AMD,annual
2023-12-31,EBITDA,4051000000.0,AMD,annual
2023-12-31,Gross Profit,10460000000.0,AMD,annual
2023-12-31,Net Income,854000000.0,AMD,annual
2023-12-31,Operating Expense,10059000000.0,AMD,annual
2023-12-31,Operating Income,401000000.0,AMD,annual
2023-12-31,Total Revenue,22680000000.0,AMD,annual
2024-09-30,Basic EPS,,AMD,quarterly
2024-09-30,Cost Of Revenue,,AMD,quarterly
2024-09-30,EBITDA,,AMD,quarterly
2024-09-30,Gross Profit,,AMD,quarterly
2024-09-30,Net Income,,AMD,quarterly
2024-09-30,Operating Expense,,AMD,quarterly
2024-09-30,Operating Income,,AMD,quarterly
2024-09-30,Total Revenue,,AMD,quarterly
2024-12-31,Basic EPS,1.01,AMD,annual
2024-12-31,Basic EPS,0.3,AMD,quarterly
2024-12-31,Cost Of Revenue,13060000000.0,AMD,annual
2024-12-31,Cost Of Revenue,3776000000.0,AMD,quarterly
2024-12-31,EBITDA,5145000000.0,AMD,annual
2024-12-31,EBITDA,1694000000.0,AMD,quarterly
2024-12-31,Gross Profit,12725000000.0,AMD,annual
2024-12-31,Gross Profit,3882000000.0,AMD,quarterly
2024-12-31,Net Income,1641000000.0,AMD,annual
2024-12-31,Net Income,482000000.0,AMD,quarterly
2024-12-31,Operating Expense,10639000000.0,AMD,annual
2024-12-31,Operating Expense,2825000000.0,AMD,quarterly
2024-12-31,Operating Income,2086000000.0,AMD,annual
2024-12-31,Operating Income,1057000000.0,AMD,quarterly
2024-12-31,Total Revenue,25785000000.0,AMD,annual
2024-12-31,Total Revenue,7658000000.0,AMD,quarterly
2025-03-31,Basic EPS,0.44,AMD,quarterly
2025-03-31,Cost Of Revenue,3702000000.0,AMD,quarterly
2025-03-31,EBITDA,1587000000.0,AMD,quarterly
2025-03-31,Gross Profit,3736000000.0,AMD,quarterly
2025-03-31,Net Income,709000000.0,AMD,quarterly
2025-03-31,Operating Expense,2930000000.0,AMD,quarterly
2025-03-31,Operating Income,806000000.0,AMD,quarterly
2025-03-31,Total Revenue,7438000000.0,AMD,quarterly
2025-06-30,Basic EPS,0.54,AMD,quarterly
2025-06-30,Cost Of Revenue,4626000000.0,AMD,quarterly
2025-06-30,EBITDA,721000000.0,AMD,quarterly
2025-06-30,Gross Profit,3059000000.0,AMD,quarterly
2025-06-30,Net Income,872000000.0,AMD,quarterly
2025-06-30,Operating Expense,3193000000.0,AMD,quarterly
2025-06-30,Operating Income,-134000000.0,AMD,quarterly
2025-06-30,Total Revenue,7685000000.0,AMD,quarterly
2025-09-30,Basic EPS,0.76,AMD,quarterly
2025-09-30,Cost Of Revenue,4466000000.0,AMD,quarterly
2025-09-30,EBITDA,2106000000.0,AMD,quarterly
2025-09-30,Gross Profit,4780000000.0,AMD,quarterly
2025-09-30,Net Income,1243000000.0,AMD,quarterly
2025-09-30,Operating Expense,3510000000.0,AMD,quarterly
2025-09-30,Operating Income,1270000000.0,AMD,quarterly
2025-09-30,Total Revenue,9246000000.0,AMD,quarterly
2025-12-31,Basic EPS,2.67,AMD,annual
2025-12-31,Basic EPS,0.93,AMD,quarterly
2025-12-31,Cost Of Revenue,17487000000.0,AMD,annual
2025-12-31,Cost Of Revenue,4693000000.0,AMD,quarterly
2025-12-31,EBITDA,7275000000.0,AMD,annual
2025-12-31,EBITDA,2861000000.0,AMD,quarterly
2025-12-31,Gross Profit,17152000000.0,AMD,annual
2025-12-31,Gross Profit,5577000000.0,AMD,quarterly
2025-12-31,Net Income,4335000000.0,AMD,annual
2025-12-31,Net Income,1511000000.0,AMD,quarterly
2025-12-31,Operating Expense,13458000000.0,AMD,annual
2025-12-31,Operating Expense,3825000000.0,AMD,quarterly
2025-12-31,Operating Income,3694000000.0,AMD,annual
2025-12-31,Operating Income,1752000000.0,AMD,quarterly
2025-12-31,Total Revenue,34639000000.0,AMD,annual
2025-12-31,Total Revenue,10270000000.0,AMD,quarterly
2022-12-31,Basic EPS,-0.27,AMZN,annual
2022-12-31,Cost Of Revenue,288831000000.0,AMZN,annual
2022-12-31,EBITDA,38352000000.0,AMZN,annual
2022-12-31,Gross Profit,225152000000.0,AMZN,annual
2022-12-31,Net Income,-2722000000.0,AMZN,annual
2022-12-31,Operating Expense,212904000000.0,AMZN,annual
2022-12-31,Operating Income,12248000000.0,AMZN,annual
2022-12-31,Total Revenue,513983000000.0,AMZN,annual
2023-12-31,Basic EPS,2.95,AMZN,annual
2023-12-31,Cost Of Revenue,304739000000.0,AMZN,annual
2023-12-31,EBITDA,89402000000.0,AMZN,annual
2023-12-31,Gross Profit,270046000000.0,AMZN,annual
2023-12-31,Net Income,30425000000.0,AMZN,annual
2023-12-31,Operating Expense,233194000000.0,AMZN,annual
2023-12-31,Operating Income,36852000000.0,AMZN,annual
2023-12-31,Total Revenue,574785000000.0,AMZN,annual
2024-12-31,Basic EPS,5.66,AMZN,annual
2024-12-31,Cost Of Revenue,326288000000.0,AMZN,annual
2024-12-31,EBITDA,123815000000.0,AMZN,annual
2024-12-31,Gross Profit,311671000000.0,AMZN,annual
2024-12-31,Net Income,59248000000.0,AMZN,annual
2024-12-31,Operating Expense,243078000000.0,AMZN,annual
2024-12-31,Operating Income,68593000000.0,AMZN,annual
2024-12-31,Total Revenue,637959000000.0,AMZN,annual
2025-03-31,Basic EPS,1.62,AMZN,quarterly
2025-03-31,Cost Of Revenue,76976000000.0,AMZN,quarterly
2025-03-31,EBITDA,36482000000.0,AMZN,quarterly
2025-03-31,Gross Profit,78691000000.0,AMZN,quarterly
2025-03-31,Net Income,17127000000.0,AMZN,quarterly
2025-03-31,Operating Expense,60286000000.0,AMZN,quarterly
2025-03-31,Operating Income,18405000000.0,AMZN,quarterly
2025-03-31,Total Revenue,155667000000.0,AMZN,quarterly
2025-06-30,Basic EPS,1.71,AMZN,quarterly
2025-06-30,Cost Of Revenue,80809000000.0,AMZN,quarterly
2025-06-30,EBITDA,36600000000.0,AMZN,quarterly
2025-06-30,Gross Profit,86893000000.0,AMZN,quarterly
2025-06-30,Net Income,18164000000.0,AMZN,quarterly
2025-06-30,Operating Expense,67722000000.0,AMZN,quarterly
2025-06-30,Operating Income,19171000000.0,AMZN,quarterly
2025-06-30,Total Revenue,167702000000.0,AMZN,quarterly
2025-09-30,Basic EPS,1.98,AMZN,quarterly
2025-09-30,Cost Of Revenue,88670000000.0,AMZN,quarterly
2025-09-30,EBITDA,45504000000.0,AMZN,quarterly
2025-09-30,Gross Profit,91499000000.0,AMZN,quarterly
2025-09-30,Net Income,21187000000.0,AMZN,quarterly
2025-09-30,Operating Expense,74077000000.0,AMZN,quarterly
2025-09-30,Operating Income,17422000000.0,AMZN,quarterly
2025-09-30,Total Revenue,180169000000.0,AMZN,quarterly
2025-12-31,Basic EPS,7.29,AMZN,annual
2025-12-31,Basic EPS,1.98,AMZN,quarterly
2025-12-31,Cost Of Revenue,356414000000.0,AMZN,annual
2025-12-31,Cost Of Revenue,109959000000.0,AMZN,quarterly
2025-12-31,EBITDA,165341000000.0,AMZN,annual
2025-12-31,EBITDA,46755000000.0,AMZN,quarterly
2025-12-31,Gross Profit,360510000000.0,AMZN,annual
2025-12-31,Gross Profit,103427000000.0,AMZN,quarterly
2025-12-31,Net Income,77670000000.0,AMZN,annual
2025-12-31,Net Income,21192000000.0,AMZN,quarterly
2025-12-31,Operating Expense,280535000000.0,AMZN,annual
2025-12-31,Operating Expense,78450000000.0,AMZN,quarterly
2025-12-31,Operating Income,79975000000.0,AMZN,annual
2025-12-31,Operating Income,24977000000.0,AMZN,quarterly
2025-12-31,Total Revenue,716924000000.0,AMZN,annual
2025-12-31,Total Revenue,213386000000.0,AMZN,quarterly
2026-03-31,Basic EPS,2.82,AMZN,quarterly
2026-03-31,Cost Of Revenue,87463000000.0,AMZN,quarterly
2026-03-31,EBITDA,59579000000.0,AMZN,quarterly
2026-03-31,Gross Profit,94056000000.0,AMZN,quarterly
2026-03-31,Net Income,30255000000.0,AMZN,quarterly
2026-03-31,Operating Expense,70204000000.0,AMZN,quarterly
2026-03-31,Operating Income,23852000000.0,AMZN,quarterly
2026-03-31,Total Revenue,181519000000.0,AMZN,quarterly
2022-12-31,Basic EPS,4.59,GOOGL,annual
2022-12-31,Cost Of Revenue,126203000000.0,GOOGL,annual
2022-12-31,EBITDA,85160000000.0,GOOGL,annual
2022-12-31,Gross Profit,156633000000.0,GOOGL,annual
2022-12-31,Net Income,59972000000.0,GOOGL,annual
2022-12-31,Operating Expense,81791000000.0,GOOGL,annual
2022-12-31,Operating Income,74842000000.0,GOOGL,annual
2022-12-31,Total Revenue,282836000000.0,GOOGL,annual
2023-12-31,Basic EPS,5.84,GOOGL,annual
2023-12-31,Cost Of Revenue,133332000000.0,GOOGL,annual
2023-12-31,EBITDA,97971000000.0,GOOGL,annual
2023-12-31,Gross Profit,174062000000.0,GOOGL,annual
2023-12-31,Net Income,73795000000.0,GOOGL,annual
2023-12-31,Operating Expense,89769000000.0,GOOGL,annual
2023-12-31,Operating Income,84293000000.0,GOOGL,annual
2023-12-31,Total Revenue,307394000000.0,GOOGL,annual
2024-12-31,Basic EPS,8.13,GOOGL,annual
2024-12-31,Basic EPS,,GOOGL,quarterly
2024-12-31,Cost Of Revenue,146306000000.0,GOOGL,annual
2024-12-31,Cost Of Revenue,,GOOGL,quarterly
2024-12-31,EBITDA,135394000000.0,GOOGL,annual
2024-12-31,EBITDA,,GOOGL,quarterly
2024-12-31,Gross Profit,203712000000.0,GOOGL,annual
2024-12-31,Gross Profit,,GOOGL,quarterly
2024-12-31,Net Income,100118000000.0,GOOGL,annual
2024-12-31,Net Income,,GOOGL,quarterly
2024-12-31,Operating Expense,91322000000.0,GOOGL,annual
2024-12-31,Operating Expense,,GOOGL,quarterly
2024-12-31,Operating Income,112390000000.0,GOOGL,annual
2024-12-31,Operating Income,,GOOGL,quarterly
2024-12-31,Total Revenue,350018000000.0,GOOGL,annual
2024-12-31,Total Revenue,,GOOGL,quarterly
2025-03-31,Basic EPS,2.84,GOOGL,quarterly
2025-03-31,Cost Of Revenue,36361000000.0,GOOGL,quarterly
2025-03-31,EBITDA,46310000000.0,GOOGL,quarterly
2025-03-31,Gross Profit,53873000000.0,GOOGL,quarterly
2025-03-31,Net Income,34540000000.0,GOOGL,quarterly
2025-03-31,Operating Expense,23267000000.0,GOOGL,quarterly
2025-03-31,Operating Income,30606000000.0,GOOGL,quarterly
2025-03-31,Total Revenue,90234000000.0,GOOGL,quarterly
2025-06-30,Basic EPS,2.33,GOOGL,quarterly
2025-06-30,Cost Of Revenue,39039000000.0,GOOGL,quarterly
2025-06-30,EBITDA,39192000000.0,GOOGL,quarterly
2025-06-30,Gross Profit,57389000000.0,GOOGL,quarterly
2025-06-30,Net Income,28196000000.0,GOOGL,quarterly
2025-06-30,Operating Expense,26118000000.0,GOOGL,quarterly
2025-06-30,Operating Income,31271000000.0,GOOGL,quarterly
2025-06-30,Total Revenue,96428000000.0,GOOGL,quarterly
2025-09-30,Basic EPS,2.89,GOOGL,quarterly
2025-09-30,Cost Of Revenue,41369000000.0,GOOGL,quarterly
2025-09-30,EBITDA,49741000000.0,GOOGL,quarterly
2025-09-30,Gross Profit,60977000000.0,GOOGL,quarterly
2025-09-30,Net Income,34979000000.0,GOOGL,quarterly
2025-09-30,Operating Expense,29749000000.0,GOOGL,quarterly
2025-09-30,Operating Income,31228000000.0,GOOGL,quarterly
2025-09-30,Total Revenue,102346000000.0,GOOGL,quarterly
2025-12-31,Basic EPS,10.91,GOOGL,annual
2025-12-31,Basic EPS,2.85,GOOGL,quarterly
2025-12-31,Cost Of Revenue,162535000000.0,GOOGL,annual
2025-12-31,Cost Of Revenue,45767000000.0,GOOGL,quarterly
2025-12-31,EBITDA,180698000000.0,GOOGL,annual
2025-12-31,EBITDA,45455000000.0,GOOGL,quarterly
2025-12-31,Gross Profit,240301000000.0,GOOGL,annual
2025-12-31,Gross Profit,68062000000.0,GOOGL,quarterly
2025-12-31,Net Income,132170000000.0,GOOGL,annual
2025-12-31,Net Income,34455000000.0,GOOGL,quarterly
2025-12-31,Operating Expense,111262000000.0,GOOGL,annual
2025-12-31,Operating Expense,32128000000.0,GOOGL,quarterly
2025-12-31,Operating Income,129039000000.0,GOOGL,annual
2025-12-31,Operating Income,35934000000.0,GOOGL,quarterly
2025-12-31,Total Revenue,402836000000.0,GOOGL,annual
2025-12-31,Total Revenue,113829000000.0,GOOGL,quarterly
2026-03-31,Basic EPS,5.17,GOOGL,quarterly
2026-03-31,Cost Of Revenue,41271000000.0,GOOGL,quarterly
2026-03-31,EBITDA,84427000000.0,GOOGL,quarterly
2026-03-31,Gross Profit,68625000000.0,GOOGL,quarterly
2026-03-31,Net Income,62578000000.0,GOOGL,quarterly
2026-03-31,Operating Expense,28929000000.0,GOOGL,quarterly
2026-03-31,Operating Income,39696000000.0,GOOGL,quarterly
2026-03-31,Total Revenue,109896000000.0,GOOGL,quarterly
2021-12-31,Basic EPS,,META,annual
2021-12-31,Cost Of Revenue,,META,annual
2021-12-31,EBITDA,,META,annual
2021-12-31,Gross Profit,,META,annual
2021-12-31,Net Income,,META,annual
2021-12-31,Operating Expense,,META,annual
2021-12-31,Operating Income,,META,annual
2021-12-31,Total Revenue,,META,annual
2022-12-31,Basic EPS,8.63,META,annual
2022-12-31,Cost Of Revenue,25249000000.0,META,annual
2022-12-31,EBITDA,37690000000.0,META,annual
2022-12-31,Gross Profit,91360000000.0,META,annual
2022-12-31,Net Income,23200000000.0,META,annual
2022-12-31,Operating Expense,62416000000.0,META,annual
2022-12-31,Operating Income,28944000000.0,META,annual
2022-12-31,Total Revenue,116609000000.0,META,annual
2023-12-31,Basic EPS,15.19,META,annual
2023-12-31,Cost Of Revenue,25959000000.0,META,annual
2023-12-31,EBITDA,59052000000.0,META,annual
2023-12-31,Gross Profit,108943000000.0,META,annual
2023-12-31,Net Income,39098000000.0,META,annual
2023-12-31,Operating Expense,62192000000.0,META,annual
2023-12-31,Operating Income,46751000000.0,META,annual
2023-12-31,Total Revenue,134902000000.0,META,annual
2024-12-31,Basic EPS,24.61,META,annual
2024-12-31,Basic EPS,,META,quarterly
2024-12-31,Cost Of Revenue,30161000000.0,META,annual
2024-12-31,Cost Of Revenue,,META,quarterly
2024-12-31,EBITDA,86876000000.0,META,annual
2024-12-31,EBITDA,,META,quarterly
2024-12-31,Gross Profit,134340000000.0,META,annual
2024-12-31,Gross Profit,,META,quarterly
2024-12-31,Net Income,62360000000.0,META,annual
2024-12-31,Net Income,,META,quarterly
2024-12-31,Operating Expense,64960000000.0,META,annual
2024-12-31,Operating Expense,,META,quarterly
2024-12-31,Operating Income,69380000000.0,META,annual
2024-12-31,Operating Income,,META,quarterly
2024-12-31,Total Revenue,164501000000.0,META,annual
2024-12-31,Total Revenue,,META,quarterly
2025-03-31,Basic EPS,6.59,META,quarterly
2025-03-31,Cost Of Revenue,7572000000.0,META,quarterly
2025-03-31,EBITDA,22522000000.0,META,quarterly
2025-03-31,Gross Profit,34742000000.0,META,quarterly
2025-03-31,Net Income,16644000000.0,META,quarterly
2025-03-31,Operating Expense,17187000000.0,META,quarterly
2025-03-31,Operating Income,17555000000.0,META,quarterly
2025-03-31,Total Revenue,42314000000.0,META,quarterly
2025-06-30,Basic EPS,7.28,META,quarterly
2025-06-30,Cost Of Revenue,8491000000.0,META,quarterly
2025-06-30,EBITDA,25117000000.0,META,quarterly
2025-06-30,Gross Profit,39025000000.0,META,quarterly
2025-06-30,Net Income,18337000000.0,META,quarterly
2025-06-30,Operating Expense,18584000000.0,META,quarterly
2025-06-30,Operating Income,20441000000.0,META,quarterly
2025-06-30,Total Revenue,47516000000.0,META,quarterly
2025-09-30,Basic EPS,1.08,META,quarterly
2025-09-30,Cost Of Revenue,9206000000.0,META,quarterly
2025-09-30,EBITDA,26853000000.0,META,quarterly
2025-09-30,Gross Profit,42036000000.0,META,quarterly
2025-09-30,Net Income,2709000000.0,META,quarterly
2025-09-30,Operating Expense,21501000000.0,META,quarterly
2025-09-30,Operating Income,20535000000.0,META,quarterly
2025-09-30,Total Revenue,51242000000.0,META,quarterly
2025-12-31,Basic EPS,23.98,META,annual
2025-12-31,Basic EPS,9.02,META,quarterly
2025-12-31,Cost Of Revenue,36175000000.0,META,annual
2025-12-31,Cost Of Revenue,10906000000.0,META,quarterly
2025-12-31,EBITDA,105713000000.0,META,annual
2025-12-31,EBITDA,31221000000.0,META,quarterly
2025-12-31,Gross Profit,164791000000.0,META,annual
2025-12-31,Gross Profit,48987000000.0,META,quarterly
2025-12-31,Net Income,60458000000.0,META,annual
2025-12-31,Net Income,22768000000.0,META,quarterly
2025-12-31,Operating Expense,81515000000.0,META,annual
2025-12-31,Operating Expense,24242000000.0,META,quarterly
2025-12-31,Operating Income,83276000000.0,META,annual
2025-12-31,Operating Income,24745000000.0,META,quarterly
2025-12-31,Total Revenue,200966000000.0,META,annual
2025-12-31,Total Revenue,59893000000.0,META,quarterly
2026-03-31,Basic EPS,10.57,META,quarterly
2026-03-31,Cost Of Revenue,10218000000.0,META,quarterly
2026-03-31,EBITDA,28313000000.0,META,quarterly
2026-03-31,Gross Profit,46093000000.0,META,quarterly
2026-03-31,Net Income,26773000000.0,META,quarterly
2026-03-31,Operating Expense,23221000000.0,META,quarterly
2026-03-31,Operating Income,22872000000.0,META,quarterly
2026-03-31,Total Revenue,56311000000.0,META,quarterly
2022-06-30,Basic EPS,9.7,MSFT,annual
2022-06-30,Cost Of Revenue,62650000000.0,MSFT,annual
2022-06-30,EBITDA,100239000000.0,MSFT,annual
2022-06-30,Gross Profit,135620000000.0,MSFT,annual
2022-06-30,Net Income,72738000000.0,MSFT,annual
2022-06-30,Operating Expense,52237000000.0,MSFT,annual
2022-06-30,Operating Income,83383000000.0,MSFT,annual
2022-06-30,Total Revenue,198270000000.0,MSFT,annual
2023-06-30,Basic EPS,9.72,MSFT,annual
2023-06-30,Cost Of Revenue,65863000000.0,MSFT,annual
2023-06-30,EBITDA,105140000000.0,MSFT,annual
2023-06-30,Gross Profit,146052000000.0,MSFT,annual
2023-06-30,Net Income,72361000000.0,MSFT,annual
2023-06-30,Operating Expense,57529000000.0,MSFT,annual
2023-06-30,Operating Income,88523000000.0,MSFT,annual
2023-06-30,Total Revenue,211915000000.0,MSFT,annual
2024-06-30,Basic EPS,11.86,MSFT,annual
2024-06-30,Cost Of Revenue,74114000000.0,MSFT,annual
2024-06-30,EBITDA,133009000000.0,MSFT,annual
2024-06-30,Gross Profit,171008000000.0,MSFT,annual
2024-06-30,Net Income,88136000000.0,MSFT,annual
2024-06-30,Operating Expense,61575000000.0,MSFT,annual
2024-06-30,Operating Income,109433000000.0,MSFT,annual
2024-06-30,Total Revenue,245122000000.0,MSFT,annual
2025-03-31,Basic EPS,3.47,MSFT,quarterly
2025-03-31,Cost Of Revenue,21919000000.0,MSFT,quarterly
2025-03-31,EBITDA,39705000000.0,MSFT,quarterly
2025-03-31,Gross Profit,48147000000.0,MSFT,quarterly
2025-03-31,Net Income,25824000000.0,MSFT,quarterly
2025-03-31,Operating Expense,16147000000.0,MSFT,quarterly
2025-03-31,Operating Income,32000000000.0,MSFT,quarterly
2025-03-31,Total Revenue,70066000000.0,MSFT,quarterly
2025-06-30,Basic EPS,13.7,MSFT,annual
2025-06-30,Basic EPS,3.66,MSFT,quarterly
2025-06-30,Cost Of Revenue,87831000000.0,MSFT,annual
2025-06-30,Cost Of Revenue,24014000000.0,MSFT,quarterly
2025-06-30,EBITDA,160165000000.0,MSFT,annual
2025-06-30,EBITDA,44434000000.0,MSFT,quarterly
2025-06-30,Gross Profit,193893000000.0,MSFT,annual
2025-06-30,Gross Profit,52427000000.0,MSFT,quarterly
2025-06-30,Net Income,101832000000.0,MSFT,annual
2025-06-30,Net Income,27233000000.0,MSFT,quarterly
2025-06-30,Operating Expense,65365000000.0,MSFT,annual
2025-06-30,Operating Expense,18104000000.0,MSFT,quarterly
2025-06-30,Operating Income,128528000000.0,MSFT,annual
2025-06-30,Operating Income,34323000000.0,MSFT,quarterly
2025-06-30,Total Revenue,281724000000.0,MSFT,annual
2025-06-30,Total Revenue,76441000000.0,MSFT,quarterly
2025-09-30,Basic EPS,3.73,MSFT,quarterly
2025-09-30,Cost Of Revenue,24043000000.0,MSFT,quarterly
2025-09-30,EBITDA,48060000000.0,MSFT,quarterly
2025-09-30,Gross Profit,53630000000.0,MSFT,quarterly
2025-09-30,Net Income,27747000000.0,MSFT,quarterly
2025-09-30,Operating Expense,15669000000.0,MSFT,quarterly
2025-09-30,Operating Income,37961000000.0,MSFT,quarterly
2025-09-30,Total Revenue,77673000000.0,MSFT,quarterly
2025-12-31,Basic EPS,5.18,MSFT,quarterly
2025-12-31,Cost Of Revenue,25978000000.0,MSFT,quarterly
2025-12-31,EBITDA,58180000000.0,MSFT,quarterly
2025-12-31,Gross Profit,55295000000.0,MSFT,quarterly
2025-12-31,Net Income,38458000000.0,MSFT,quarterly
2025-12-31,Operating Expense,17020000000.0,MSFT,quarterly
2025-12-31,Operating Income,38275000000.0,MSFT,quarterly
2025-12-31,Total Revenue,81273000000.0,MSFT,quarterly
2026-03-31,Basic EPS,4.28,MSFT,quarterly
2026-03-31,Cost Of Revenue,26828000000.0,MSFT,quarterly
2026-03-31,EBITDA,50285000000.0,MSFT,quarterly
2026-03-31,Gross Profit,56058000000.0,MSFT,quarterly
2026-03-31,Net Income,31778000000.0,MSFT,quarterly
2026-03-31,Operating Expense,17660000000.0,MSFT,quarterly
2026-03-31,Operating Income,38398000000.0,MSFT,quarterly
2026-03-31,Total Revenue,82886000000.0,MSFT,quarterly
2021-12-31,Basic EPS,,MSTR,annual
2021-12-31,Cost Of Revenue,,MSTR,annual
2021-12-31,EBITDA,,MSTR,annual
2021-12-31,Gross Profit,,MSTR,annual
2021-12-31,Net Income,,MSTR,annual
2021-12-31,Operating Expense,,MSTR,annual
2021-12-31,Operating Income,,MSTR,annual
2021-12-31,Total Revenue,,MSTR,annual
2022-12-31,Basic EPS,-12.983,MSTR,annual
2022-12-31,Cost Of Revenue,102989000.0,MSTR,annual
2022-12-31,EBITDA,-1258455000.0,MSTR,annual
2022-12-31,Gross Profit,396275000.0,MSTR,annual
2022-12-31,Net Income,-1469797000.0,MSTR,annual
2022-12-31,Operating Expense,385731000.0,MSTR,annual
2022-12-31,Operating Income,10544000.0,MSTR,annual
2022-12-31,Total Revenue,499264000.0,MSTR,annual
2023-12-31,Basic EPS,3.139,MSTR,annual
2023-12-31,Cost Of Revenue,109944000.0,MSTR,annual
2023-12-31,EBITDA,-61038000.0,MSTR,annual
2023-12-31,Gross Profit,386317000.0,MSTR,annual
2023-12-31,Net Income,429121000.0,MSTR,annual
2023-12-31,Operating Expense,385513000.0,MSTR,annual
2023-12-31,Operating Income,804000.0,MSTR,annual
2023-12-31,Total Revenue,496261000.0,MSTR,annual
2024-09-30,Basic EPS,,MSTR,quarterly
2024-09-30,Cost Of Revenue,,MSTR,quarterly
2024-09-30,EBITDA,,MSTR,quarterly
2024-09-30,Gross Profit,,MSTR,quarterly
2024-09-30,Net Income,,MSTR,quarterly
2024-09-30,Operating Expense,,MSTR,quarterly
2024-09-30,Operating Income,,MSTR,quarterly
2024-09-30,Total Revenue,,MSTR,quarterly
2024-12-31,Basic EPS,-6.06,MSTR,annual
2024-12-31,Basic EPS,,MSTR,quarterly
2024-12-31,Cost Of Revenue,129468000.0,MSTR,annual
2024-12-31,Cost Of Revenue,34169000.0,MSTR,quarterly
2024-12-31,EBITDA,-1854597000.0,MSTR,annual
2024-12-31,EBITDA,-1005141000.0,MSTR,quarterly
2024-12-31,Gross Profit,333988000.0,MSTR,annual
2024-12-31,Gross Profit,86528000.0,MSTR,quarterly
2024-12-31,Net Income,-1166661000.0,MSTR,annual
2024-12-31,Net Income,-670810000.0,MSTR,quarterly
2024-12-31,Operating Expense,397104000.0,MSTR,annual
2024-12-31,Operating Expense,96893000.0,MSTR,quarterly
2024-12-31,Operating Income,-63116000.0,MSTR,annual
2024-12-31,Operating Income,-10365000.0,MSTR,quarterly
2024-12-31,Total Revenue,463456000.0,MSTR,annual
2024-12-31,Total Revenue,120697000.0,MSTR,quarterly
2025-03-31,Basic EPS,-16.49,MSTR,quarterly
2025-03-31,Cost Of Revenue,33971000.0,MSTR,quarterly
2025-03-31,EBITDA,-5918773000.0,MSTR,quarterly
2025-03-31,Gross Profit,77095000.0,MSTR,quarterly
2025-03-31,Net Income,-4217370000.0,MSTR,quarterly
2025-03-31,Operating Expense,92502000.0,MSTR,quarterly
2025-03-31,Operating Income,-15407000.0,MSTR,quarterly
2025-03-31,Total Revenue,111066000.0,MSTR,quarterly
2025-06-30,Basic EPS,36.23,MSTR,quarterly
2025-06-30,Cost Of Revenue,35750000.0,MSTR,quarterly
2025-06-30,EBITDA,14032837000.0,MSTR,quarterly
2025-06-30,Gross Profit,78738000.0,MSTR,quarterly
2025-06-30,Net Income,10020846000.0,MSTR,quarterly
2025-06-30,Operating Expense,94262000.0,MSTR,quarterly
2025-06-30,Operating Income,-15524000.0,MSTR,quarterly
2025-06-30,Total Revenue,114488000.0,MSTR,quarterly
2025-09-30,Basic EPS,9.3,MSTR,quarterly
2025-09-30,Cost Of Revenue,38013000.0,MSTR,quarterly
2025-09-30,EBITDA,3894321000.0,MSTR,quarterly
2025-09-30,Gross Profit,90678000.0,MSTR,quarterly
2025-09-30,Net Income,2785024000.0,MSTR,quarterly
2025-09-30,Operating Expense,90683000.0,MSTR,quarterly
2025-09-30,Operating Income,-5000.0,MSTR,quarterly
2025-09-30,Total Revenue,128691000.0,MSTR,quarterly
2025-12-31,Basic EPS,-15.23,MSTR,annual
2025-12-31,Basic EPS,-42.93,MSTR,quarterly
2025-12-31,Cost Of Revenue,149417000.0,MSTR,annual
2025-12-31,Cost Of Revenue,41683000.0,MSTR,quarterly
2025-12-31,EBITDA,-5435469000.0,MSTR,annual
2025-12-31,EBITDA,-17443854000.0,MSTR,quarterly
2025-12-31,Gross Profit,327816000.0,MSTR,annual
2025-12-31,Gross Profit,81305000.0,MSTR,quarterly
2025-12-31,Net Income,-3848152000.0,MSTR,annual
2025-12-31,Net Income,-12436652000.0,MSTR,quarterly
2025-12-31,Operating Expense,368725000.0,MSTR,annual
2025-12-31,Operating Expense,91278000.0,MSTR,quarterly
2025-12-31,Operating Income,-40909000.0,MSTR,annual
2025-12-31,Operating Income,-9973000.0,MSTR,quarterly
2025-12-31,Total Revenue,477233000.0,MSTR,annual
2025-12-31,Total Revenue,122988000.0,MSTR,quarterly
2026-03-31,Basic EPS,-38.25,MSTR,quarterly
2026-03-31,Cost Of Revenue,,MSTR,quarterly
2026-03-31,EBITDA,,MSTR,quarterly
2026-03-31,Gross Profit,,MSTR,quarterly
2026-03-31,Net Income,,MSTR,quarterly
2026-03-31,Operating Expense,,MSTR,quarterly
2026-03-31,Operating Income,,MSTR,quarterly
2026-03-31,Total Revenue,,MSTR,quarterly
2021-08-31,Basic EPS,,MU,annual
2021-08-31,Cost Of Revenue,,MU,annual
2021-08-31,EBITDA,,MU,annual
2021-08-31,Gross Profit,,MU,annual
2021-08-31,Net Income,,MU,annual
2021-08-31,Operating Expense,,MU,annual
2021-08-31,Operating Income,,MU,annual
2021-08-31,Total Revenue,,MU,annual
2022-08-31,Basic EPS,7.81,MU,annual
2022-08-31,Cost Of Revenue,16860000000.0,MU,annual
2022-08-31,EBITDA,16876000000.0,MU,annual
2022-08-31,Gross Profit,13898000000.0,MU,annual
2022-08-31,Net Income,8687000000.0,MU,annual
2022-08-31,Operating Expense,4189000000.0,MU,annual
2022-08-31,Operating Income,9709000000.0,MU,annual
2022-08-31,Total Revenue,30758000000.0,MU,annual
2023-08-31,Basic EPS,-5.34,MU,annual
2023-08-31,Cost Of Revenue,16956000000.0,MU,annual
2023-08-31,EBITDA,2486000000.0,MU,annual
2023-08-31,Gross Profit,-1416000000.0,MU,annual
2023-08-31,Net Income,-5833000000.0,MU,annual
2023-08-31,Operating Expense,3989000000.0,MU,annual
2023-08-31,Operating Income,-5405000000.0,MU,annual
2023-08-31,Total Revenue,15540000000.0,MU,annual
2024-08-31,Basic EPS,0.7,MU,annual
2024-08-31,Basic EPS,,MU,quarterly
2024-08-31,Cost Of Revenue,19498000000.0,MU,annual
2024-08-31,Cost Of Revenue,,MU,quarterly
2024-08-31,EBITDA,9582000000.0,MU,annual
2024-08-31,EBITDA,,MU,quarterly
2024-08-31,Gross Profit,5613000000.0,MU,annual
2024-08-31,Gross Profit,,MU,quarterly
2024-08-31,Net Income,778000000.0,MU,annual
2024-08-31,Net Income,,MU,quarterly
2024-08-31,Operating Expense,4308000000.0,MU,annual
2024-08-31,Operating Expense,,MU,quarterly
2024-08-31,Operating Income,1305000000.0,MU,annual
2024-08-31,Operating Income,,MU,quarterly
2024-08-31,Total Revenue,25111000000.0,MU,annual
2024-08-31,Total Revenue,,MU,quarterly
2025-02-28,Basic EPS,1.42,MU,quarterly
2025-02-28,Cost Of Revenue,5090000000.0,MU,quarterly
2025-02-28,EBITDA,3949000000.0,MU,quarterly
2025-02-28,Gross Profit,2963000000.0,MU,quarterly
2025-02-28,Net Income,1583000000.0,MU,quarterly
2025-02-28,Operating Expense,1190000000.0,MU,quarterly
2025-02-28,Operating Income,1773000000.0,MU,quarterly
2025-02-28,Total Revenue,8053000000.0,MU,quarterly
2025-05-31,Basic EPS,1.69,MU,quarterly
2025-05-31,Cost Of Revenue,5793000000.0,MU,quarterly
2025-05-31,EBITDA,4330000000.0,MU,quarterly
2025-05-31,Gross Profit,3508000000.0,MU,quarterly
2025-05-31,Net Income,1885000000.0,MU,quarterly
2025-05-31,Operating Expense,1339000000.0,MU,quarterly
2025-05-31,Operating Income,2169000000.0,MU,quarterly
2025-05-31,Total Revenue,9301000000.0,MU,quarterly
2025-08-31,Basic EPS,7.65,MU,annual
2025-08-31,Basic EPS,2.86,MU,quarterly
2025-08-31,Cost Of Revenue,22505000000.0,MU,annual
2025-08-31,Cost Of Revenue,6261000000.0,MU,quarterly
2025-08-31,EBITDA,18483000000.0,MU,annual
2025-08-31,EBITDA,5904000000.0,MU,quarterly
2025-08-31,Gross Profit,14873000000.0,MU,annual
2025-08-31,Gross Profit,5054000000.0,MU,quarterly
2025-08-31,Net Income,8539000000.0,MU,annual
2025-08-31,Net Income,3201000000.0,MU,quarterly
2025-08-31,Operating Expense,5064000000.0,MU,annual
2025-08-31,Operating Expense,1361000000.0,MU,quarterly
2025-08-31,Operating Income,9809000000.0,MU,annual
2025-08-31,Operating Income,3693000000.0,MU,quarterly
2025-08-31,Total Revenue,37378000000.0,MU,annual
2025-08-31,Total Revenue,11315000000.0,MU,quarterly
2025-11-30,Basic EPS,4.66,MU,quarterly
2025-11-30,Cost Of Revenue,5997000000.0,MU,quarterly
2025-11-30,EBITDA,8347000000.0,MU,quarterly
2025-11-30,Gross Profit,7646000000.0,MU,quarterly
2025-11-30,Net Income,5240000000.0,MU,quarterly
2025-11-30,Operating Expense,1510000000.0,MU,quarterly
2025-11-30,Operating Income,6136000000.0,MU,quarterly
2025-11-30,Total Revenue,13643000000.0,MU,quarterly
2026-02-28,Basic EPS,12.25,MU,quarterly
2026-02-28,Cost Of Revenue,6105000000.0,MU,quarterly
2026-02-28,EBITDA,18478000000.0,MU,quarterly
2026-02-28,Gross Profit,17755000000.0,MU,quarterly
2026-02-28,Net Income,13785000000.0,MU,quarterly
2026-02-28,Operating Expense,1620000000.0,MU,quarterly
2026-02-28,Operating Income,16135000000.0,MU,quarterly
2026-02-28,Total Revenue,23860000000.0,MU,quarterly
2022-01-31,Basic EPS,,NVDA,annual
2022-01-31,Cost Of Revenue,,NVDA,annual
2022-01-31,EBITDA,,NVDA,annual
2022-01-31,Gross Profit,,NVDA,annual
2022-01-31,Net Income,,NVDA,annual
2022-01-31,Operating Expense,,NVDA,annual
2022-01-31,Operating Income,,NVDA,annual
2022-01-31,Total Revenue,,NVDA,annual
2023-01-31,Basic EPS,0.176,NVDA,annual
2023-01-31,Cost Of Revenue,11618000000.0,NVDA,annual
2023-01-31,EBITDA,5986000000.0,NVDA,annual
2023-01-31,Gross Profit,15356000000.0,NVDA,annual
2023-01-31,Net Income,4368000000.0,NVDA,annual
2023-01-31,Operating Expense,9779000000.0,NVDA,annual
2023-01-31,Operating Income,5577000000.0,NVDA,annual
2023-01-31,Total Revenue,26974000000.0,NVDA,annual
2024-01-31,Basic EPS,1.21,NVDA,annual
2024-01-31,Cost Of Revenue,16621000000.0,NVDA,annual
2024-01-31,EBITDA,35583000000.0,NVDA,annual
2024-01-31,Gross Profit,44301000000.0,NVDA,annual
2024-01-31,Net Income,29760000000.0,NVDA,annual
2024-01-31,Operating Expense,11329000000.0,NVDA,annual
2024-01-31,Operating Income,32972000000.0,NVDA,annual
2024-01-31,Total Revenue,60922000000.0,NVDA,annual
2025-01-31,Basic EPS,2.97,NVDA,annual
2025-01-31,Basic EPS,0.9,NVDA,quarterly
2025-01-31,Cost Of Revenue,32639000000.0,NVDA,annual
2025-01-31,Cost Of Revenue,10608000000.0,NVDA,quarterly
2025-01-31,EBITDA,86137000000.0,NVDA,annual
2025-01-31,EBITDA,25821000000.0,NVDA,quarterly
2025-01-31,Gross Profit,97858000000.0,NVDA,annual
2025-01-31,Gross Profit,28723000000.0,NVDA,quarterly
2025-01-31,Net Income,72880000000.0,NVDA,annual
2025-01-31,Net Income,22091000000.0,NVDA,quarterly
2025-01-31,Operating Expense,16405000000.0,NVDA,annual
2025-01-31,Operating Expense,4689000000.0,NVDA,quarterly
2025-01-31,Operating Income,81453000000.0,NVDA,annual
2025-01-31,Operating Income,24034000000.0,NVDA,quarterly
2025-01-31,Total Revenue,130497000000.0,NVDA,annual
2025-01-31,Total Revenue,39331000000.0,NVDA,quarterly
2025-04-30,Basic EPS,0.77,NVDA,quarterly
2025-04-30,Cost Of Revenue,17394000000.0,NVDA,quarterly
2025-04-30,EBITDA,22584000000.0,NVDA,quarterly
2025-04-30,Gross Profit,26668000000.0,NVDA,quarterly
2025-04-30,Net Income,18775000000.0,NVDA,quarterly
2025-04-30,Operating Expense,5030000000.0,NVDA,quarterly
2025-04-30,Operating Income,21638000000.0,NVDA,quarterly
2025-04-30,Total Revenue,44062000000.0,NVDA,quarterly
2025-07-31,Basic EPS,1.08,NVDA,quarterly
2025-07-31,Cost Of Revenue,12890000000.0,NVDA,quarterly
2025-07-31,EBITDA,31937000000.0,NVDA,quarterly
2025-07-31,Gross Profit,33853000000.0,NVDA,quarterly
2025-07-31,Net Income,26422000000.0,NVDA,quarterly
2025-07-31,Operating Expense,5413000000.0,NVDA,quarterly
2025-07-31,Operating Income,28440000000.0,NVDA,quarterly
2025-07-31,Total Revenue,46743000000.0,NVDA,quarterly
2025-10-31,Basic EPS,1.31,NVDA,quarterly
2025-10-31,Cost Of Revenue,15157000000.0,NVDA,quarterly
2025-10-31,EBITDA,38748000000.0,NVDA,quarterly
2025-10-31,Gross Profit,41849000000.0,NVDA,quarterly
2025-10-31,Net Income,31910000000.0,NVDA,quarterly
2025-10-31,Operating Expense,5839000000.0,NVDA,quarterly
2025-10-31,Operating Income,36010000000.0,NVDA,quarterly
2025-10-31,Total Revenue,57006000000.0,NVDA,quarterly
2026-01-31,Basic EPS,4.93,NVDA,annual
2026-01-31,Basic EPS,1.77,NVDA,quarterly
2026-01-31,Cost Of Revenue,62475000000.0,NVDA,annual
2026-01-31,Cost Of Revenue,17034000000.0,NVDA,quarterly
2026-01-31,EBITDA,144552000000.0,NVDA,annual
2026-01-31,EBITDA,51283000000.0,NVDA,quarterly
2026-01-31,Gross Profit,153463000000.0,NVDA,annual
2026-01-31,Gross Profit,51093000000.0,NVDA,quarterly
2026-01-31,Net Income,120067000000.0,NVDA,annual
2026-01-31,Net Income,42960000000.0,NVDA,quarterly
2026-01-31,Operating Expense,23076000000.0,NVDA,annual
2026-01-31,Operating Expense,6794000000.0,NVDA,quarterly
2026-01-31,Operating Income,130387000000.0,NVDA,annual
2026-01-31,Operating Income,44299000000.0,NVDA,quarterly
2026-01-31,Total Revenue,215938000000.0,NVDA,annual
2026-01-31,Total Revenue,68127000000.0,NVDA,quarterly
2021-05-31,Basic EPS,,ORCL,annual
2021-05-31,Cost Of Revenue,,ORCL,annual
2021-05-31,EBITDA,,ORCL,annual
2021-05-31,Gross Profit,,ORCL,annual
2021-05-31,Net Income,,ORCL,annual
2021-05-31,Operating Expense,,ORCL,annual
2021-05-31,Operating Income,,ORCL,annual
2021-05-31,Total Revenue,,ORCL,annual
2022-05-31,Basic EPS,2.49,ORCL,annual
2022-05-31,Cost Of Revenue,8877000000.0,ORCL,annual
2022-05-31,EBITDA,13526000000.0,ORCL,annual
2022-05-31,Gross Profit,33563000000.0,ORCL,annual
2022-05-31,Net Income,6717000000.0,ORCL,annual
2022-05-31,Operating Expense,17733000000.0,ORCL,annual
2022-05-31,Operating Income,15830000000.0,ORCL,annual
2022-05-31,Total Revenue,42440000000.0,ORCL,annual
2023-05-31,Basic EPS,3.15,ORCL,annual
2023-05-31,Cost Of Revenue,13564000000.0,ORCL,annual
2023-05-31,EBITDA,18739000000.0,ORCL,annual
2023-05-31,Gross Profit,36390000000.0,ORCL,annual
2023-05-31,Net Income,8503000000.0,ORCL,annual
2023-05-31,Operating Expense,22617000000.0,ORCL,annual
2023-05-31,Operating Income,13773000000.0,ORCL,annual
2023-05-31,Total Revenue,49954000000.0,ORCL,annual
2024-05-31,Basic EPS,3.82,ORCL,annual
2024-05-31,Cost Of Revenue,15143000000.0,ORCL,annual
2024-05-31,EBITDA,21394000000.0,ORCL,annual
2024-05-31,Gross Profit,37818000000.0,ORCL,annual
2024-05-31,Net Income,10467000000.0,ORCL,annual
2024-05-31,Operating Expense,21747000000.0,ORCL,annual
2024-05-31,Operating Income,16071000000.0,ORCL,annual
2024-05-31,Total Revenue,52961000000.0,ORCL,annual
2024-11-30,Basic EPS,1.13,ORCL,quarterly
2024-11-30,Cost Of Revenue,,ORCL,quarterly
2024-11-30,EBITDA,,ORCL,quarterly
2024-11-30,Gross Profit,,ORCL,quarterly
2024-11-30,Net Income,,ORCL,quarterly
2024-11-30,Operating Expense,,ORCL,quarterly
2024-11-30,Operating Income,,ORCL,quarterly
2024-11-30,Total Revenue,,ORCL,quarterly
2025-02-28,Basic EPS,1.05,ORCL,quarterly
2025-02-28,Cost Of Revenue,4195000000.0,ORCL,quarterly
2025-02-28,EBITDA,5891000000.0,ORCL,quarterly
2025-02-28,Gross Profit,9935000000.0,ORCL,quarterly
2025-02-28,Net Income,2936000000.0,ORCL,quarterly
2025-02-28,Operating Expense,5486000000.0,ORCL,quarterly
2025-02-28,Operating Income,4449000000.0,ORCL,quarterly
2025-02-28,Total Revenue,14130000000.0,ORCL,quarterly
2025-05-31,Basic EPS,4.46,ORCL,annual
2025-05-31,Basic EPS,,ORCL,quarterly
2025-05-31,Cost Of Revenue,16927000000.0,ORCL,annual
2025-05-31,Cost Of Revenue,4741000000.0,ORCL,quarterly
2025-05-31,EBITDA,23912000000.0,ORCL,annual
2025-05-31,EBITDA,6826000000.0,ORCL,quarterly
2025-05-31,Gross Profit,40472000000.0,ORCL,annual
2025-05-31,Gross Profit,11162000000.0,ORCL,quarterly
2025-05-31,Net Income,12443000000.0,ORCL,annual
2025-05-31,Net Income,3427000000.0,ORCL,quarterly
2025-05-31,Operating Expense,22420000000.0,ORCL,annual
2025-05-31,Operating Expense,5971000000.0,ORCL,quarterly
2025-05-31,Operating Income,18052000000.0,ORCL,annual
2025-05-31,Operating Income,5191000000.0,ORCL,quarterly
2025-05-31,Total Revenue,57399000000.0,ORCL,annual
2025-05-31,Total Revenue,15903000000.0,ORCL,quarterly
2025-08-31,Basic EPS,1.04,ORCL,quarterly
2025-08-31,Cost Of Revenue,4884000000.0,ORCL,quarterly
2025-08-31,EBITDA,6121000000.0,ORCL,quarterly
2025-08-31,Gross Profit,10042000000.0,ORCL,quarterly
2025-08-31,Net Income,2927000000.0,ORCL,quarterly
2025-08-31,Operating Expense,5350000000.0,ORCL,quarterly
2025-08-31,Operating Income,4692000000.0,ORCL,quarterly
2025-08-31,Total Revenue,14926000000.0,ORCL,quarterly
2025-11-30,Basic EPS,2.14,ORCL,quarterly
2025-11-30,Cost Of Revenue,5374000000.0,ORCL,quarterly
2025-11-30,EBITDA,9509000000.0,ORCL,quarterly
2025-11-30,Gross Profit,10684000000.0,ORCL,quarterly
2025-11-30,Net Income,6135000000.0,ORCL,quarterly
2025-11-30,Operating Expense,5526000000.0,ORCL,quarterly
2025-11-30,Operating Income,5158000000.0,ORCL,quarterly
2025-11-30,Total Revenue,16058000000.0,ORCL,quarterly
2026-02-28,Basic EPS,1.29,ORCL,quarterly
2026-02-28,Cost Of Revenue,6092000000.0,ORCL,quarterly
2026-02-28,EBITDA,8162000000.0,ORCL,quarterly
2026-02-28,Gross Profit,11098000000.0,ORCL,quarterly
2026-02-28,Net Income,3721000000.0,ORCL,quarterly
2026-02-28,Operating Expense,5461000000.0,ORCL,quarterly
2026-02-28,Operating Income,5637000000.0,ORCL,quarterly
2026-02-28,Total Revenue,17190000000.0,ORCL,quarterly
2021-12-31,Basic EPS,,PEP,annual
2021-12-31,Cost Of Revenue,,PEP,annual
2021-12-31,EBITDA,,PEP,annual
2021-12-31,Gross Profit,,PEP,annual
2021-12-31,Net Income,,PEP,annual
2021-12-31,Operating Expense,,PEP,annual
2021-12-31,Operating Income,,PEP,annual
2021-12-31,Total Revenue,,PEP,annual
2022-12-31,Basic EPS,6.470588,PEP,annual
2022-12-31,Cost Of Revenue,40576000000.0,PEP,annual
2022-12-31,EBITDA,14924000000.0,PEP,annual
2022-12-31,Gross Profit,45816000000.0,PEP,annual
2022-12-31,Net Income,8910000000.0,PEP,annual
2022-12-31,Operating Expense,34459000000.0,PEP,annual
2022-12-31,Operating Income,11357000000.0,PEP,annual
2022-12-31,Total Revenue,86392000000.0,PEP,annual
2023-12-31,Basic EPS,6.604076,PEP,annual
2023-12-31,Cost Of Revenue,41881000000.0,PEP,annual
2023-12-31,EBITDA,15754000000.0,PEP,annual
2023-12-31,Gross Profit,49590000000.0,PEP,annual
2023-12-31,Net Income,9074000000.0,PEP,annual
2023-12-31,Operating Expense,36677000000.0,PEP,annual
2023-12-31,Operating Income,12913000000.0,PEP,annual
2023-12-31,Total Revenue,91471000000.0,PEP,annual
2024-09-30,Basic EPS,,PEP,quarterly
2024-09-30,Cost Of Revenue,,PEP,quarterly
2024-09-30,EBITDA,,PEP,quarterly
2024-09-30,Gross Profit,,PEP,quarterly
2024-09-30,Net Income,,PEP,quarterly
2024-09-30,Operating Expense,,PEP,quarterly
2024-09-30,Operating Income,,PEP,quarterly
2024-09-30,Total Revenue,,PEP,quarterly
2024-12-31,Basic EPS,6.981105,PEP,annual
2024-12-31,Cost Of Revenue,41744000000.0,PEP,annual
2024-12-31,EBITDA,16680000000.0,PEP,annual
2024-12-31,Gross Profit,50110000000.0,PEP,annual
2024-12-31,Net Income,9578000000.0,PEP,annual
2024-12-31,Operating Expense,37190000000.0,PEP,annual
2024-12-31,Operating Income,12920000000.0,PEP,annual
2024-12-31,Total Revenue,91854000000.0,PEP,annual
2025-03-31,Basic EPS,1.34,PEP,quarterly
2025-03-31,Cost Of Revenue,7926000000.0,PEP,quarterly
2025-03-31,EBITDA,3435000000.0,PEP,quarterly
2025-03-31,Gross Profit,9993000000.0,PEP,quarterly
2025-03-31,Net Income,1834000000.0,PEP,quarterly
2025-03-31,Operating Expense,7410000000.0,PEP,quarterly
2025-03-31,Operating Income,2583000000.0,PEP,quarterly
2025-03-31,Total Revenue,17919000000.0,PEP,quarterly
2025-06-30,Basic EPS,0.92,PEP,quarterly
2025-06-30,Cost Of Revenue,10304000000.0,PEP,quarterly
2025-06-30,EBITDA,2808000000.0,PEP,quarterly
2025-06-30,Gross Profit,12422000000.0,PEP,quarterly
2025-06-30,Net Income,1263000000.0,PEP,quarterly
2025-06-30,Operating Expense,8773000000.0,PEP,quarterly
2025-06-30,Operating Income,3649000000.0,PEP,quarterly
2025-06-30,Total Revenue,22726000000.0,PEP,quarterly
2025-09-30,Basic EPS,1.9,PEP,quarterly
2025-09-30,Cost Of Revenue,11113000000.0,PEP,quarterly
2025-09-30,EBITDA,4593000000.0,PEP,quarterly
2025-09-30,Gross Profit,12824000000.0,PEP,quarterly
2025-09-30,Net Income,2603000000.0,PEP,quarterly
2025-09-30,Operating Expense,9122000000.0,PEP,quarterly
2025-09-30,Operating Income,3702000000.0,PEP,quarterly
2025-09-30,Total Revenue,23937000000.0,PEP,quarterly
2025-12-31,Basic EPS,6.026299,PEP,annual
2025-12-31,Basic EPS,1.857621,PEP,quarterly
2025-12-31,Cost Of Revenue,43066000000.0,PEP,annual
2025-12-31,Cost Of Revenue,13723000000.0,PEP,quarterly
2025-12-31,EBITDA,15543000000.0,PEP,annual
2025-12-31,EBITDA,4707000000.0,PEP,quarterly
2025-12-31,Gross Profit,50859000000.0,PEP,annual
2025-12-31,Gross Profit,15620000000.0,PEP,quarterly
2025-12-31,Net Income,8240000000.0,PEP,annual
2025-12-31,Net Income,2540000000.0,PEP,quarterly
2025-12-31,Operating Expense,37368000000.0,PEP,annual
2025-12-31,Operating Expense,12063000000.0,PEP,quarterly
2025-12-31,Operating Income,13491000000.0,PEP,annual
2025-12-31,Operating Income,3557000000.0,PEP,quarterly
2025-12-31,Total Revenue,93925000000.0,PEP,annual
2025-12-31,Total Revenue,29343000000.0,PEP,quarterly
2026-03-31,Basic EPS,1.7,PEP,quarterly
2026-03-31,Cost Of Revenue,8712000000.0,PEP,quarterly
2026-03-31,EBITDA,4175000000.0,PEP,quarterly
2026-03-31,Gross Profit,10731000000.0,PEP,quarterly
2026-03-31,Net Income,2327000000.0,PEP,quarterly
2026-03-31,Operating Expense,7518000000.0,PEP,quarterly
2026-03-31,Operating Income,3213000000.0,PEP,quarterly
2026-03-31,Total Revenue,19443000000.0,PEP,quarterly
2021-12-31,Basic EPS,,PLTR,annual
2021-12-31,Cost Of Revenue,,PLTR,annual
2021-12-31,EBITDA,,PLTR,annual
2021-12-31,Gross Profit,,PLTR,annual
2021-12-31,Net Income,,PLTR,annual
2021-12-31,Operating Expense,,PLTR,annual
2021-12-31,Operating Income,,PLTR,annual
2021-12-31,Total Revenue,,PLTR,annual
2022-12-31,Basic EPS,-0.180263,PLTR,annual
2022-12-31,Cost Of Revenue,408549000.0,PLTR,annual
2022-12-31,EBITDA,-138679000.0,PLTR,annual
2022-12-31,Gross Profit,1497322000.0,PLTR,annual
2022-12-31,Net Income,-373705000.0,PLTR,annual
2022-12-31,Operating Expense,1658523000.0,PLTR,annual
2022-12-31,Operating Income,-161201000.0,PLTR,annual
2022-12-31,Total Revenue,1905871000.0,PLTR,annual
2023-12-31,Basic EPS,0.100146,PLTR,annual
2023-12-31,Cost Of Revenue,431105000.0,PLTR,annual
2023-12-31,EBITDA,153320000.0,PLTR,annual
2023-12-31,Gross Profit,1793907000.0,PLTR,annual
2023-12-31,Net Income,209825000.0,PLTR,annual
2023-12-31,Operating Expense,1673941000.0,PLTR,annual
2023-12-31,Operating Income,119966000.0,PLTR,annual
2023-12-31,Total Revenue,2225012000.0,PLTR,annual
2024-09-30,Basic EPS,,PLTR,quarterly
2024-09-30,Cost Of Revenue,,PLTR,quarterly
2024-09-30,EBITDA,,PLTR,quarterly
2024-09-30,Gross Profit,,PLTR,quarterly
2024-09-30,Net Income,,PLTR,quarterly
2024-09-30,Operating Expense,,PLTR,quarterly
2024-09-30,Operating Income,,PLTR,quarterly
2024-09-30,Total Revenue,,PLTR,quarterly
2024-12-31,Basic EPS,0.210307,PLTR,annual
2024-12-31,Basic EPS,0.030044,PLTR,quarterly
2024-12-31,Cost Of Revenue,565990000.0,PLTR,annual
2024-12-31,Cost Of Revenue,174533000.0,PLTR,quarterly
2024-12-31,EBITDA,341990000.0,PLTR,annual
2024-12-31,EBITDA,18049000.0,PLTR,quarterly
2024-12-31,Gross Profit,2299517000.0,PLTR,annual
2024-12-31,Gross Profit,652986000.0,PLTR,quarterly
2024-12-31,Net Income,462190000.0,PLTR,annual
2024-12-31,Net Income,79009000.0,PLTR,quarterly
2024-12-31,Operating Expense,1989114000.0,PLTR,annual
2024-12-31,Operating Expense,641943000.0,PLTR,quarterly
2024-12-31,Operating Income,310403000.0,PLTR,annual
2024-12-31,Operating Income,11043000.0,PLTR,quarterly
2024-12-31,Total Revenue,2865507000.0,PLTR,annual
2024-12-31,Total Revenue,827519000.0,PLTR,quarterly
2025-03-31,Basic EPS,0.090131,PLTR,quarterly
2025-03-31,Cost Of Revenue,172970000.0,PLTR,quarterly
2025-03-31,EBITDA,182670000.0,PLTR,quarterly
2025-03-31,Gross Profit,710885000.0,PLTR,quarterly
2025-03-31,Net Income,214031000.0,PLTR,quarterly
2025-03-31,Operating Expense,534837000.0,PLTR,quarterly
2025-03-31,Operating Income,176048000.0,PLTR,quarterly
2025-03-31,Total Revenue,883855000.0,PLTR,quarterly
2025-06-30,Basic EPS,0.140204,PLTR,quarterly
2025-06-30,Cost Of Revenue,192934000.0,PLTR,quarterly
2025-06-30,EBITDA,275847000.0,PLTR,quarterly
2025-06-30,Gross Profit,810763000.0,PLTR,quarterly
2025-06-30,Net Income,326727000.0,PLTR,quarterly
2025-06-30,Operating Expense,541446000.0,PLTR,quarterly
2025-06-30,Operating Income,269317000.0,PLTR,quarterly
2025-06-30,Total Revenue,1003697000.0,PLTR,quarterly
2025-09-30,Basic EPS,0.200292,PLTR,quarterly
2025-09-30,Cost Of Revenue,207307000.0,PLTR,quarterly
2025-09-30,EBITDA,399231000.0,PLTR,quarterly
2025-09-30,Gross Profit,973785000.0,PLTR,quarterly
2025-09-30,Net Income,475599000.0,PLTR,quarterly
2025-09-30,Operating Expense,580529000.0,PLTR,quarterly
2025-09-30,Operating Income,393256000.0,PLTR,quarterly
2025-09-30,Total Revenue,1181092000.0,PLTR,quarterly
2025-12-31,Basic EPS,0.69,PLTR,annual
2025-12-31,Basic EPS,0.26,PLTR,quarterly
2025-12-31,Cost Of Revenue,789177000.0,PLTR,annual
2025-12-31,Cost Of Revenue,215966000.0,PLTR,quarterly
2025-12-31,EBITDA,1440160000.0,PLTR,annual
2025-12-31,EBITDA,582412000.0,PLTR,quarterly
2025-12-31,Gross Profit,3686269000.0,PLTR,annual
2025-12-31,Gross Profit,1190836000.0,PLTR,quarterly
2025-12-31,Net Income,1625033000.0,PLTR,annual
2025-12-31,Net Income,608676000.0,PLTR,quarterly
2025-12-31,Operating Expense,2272254000.0,PLTR,annual
2025-12-31,Operating Expense,615442000.0,PLTR,quarterly
2025-12-31,Operating Income,1414015000.0,PLTR,annual
2025-12-31,Operating Income,575394000.0,PLTR,quarterly
2025-12-31,Total Revenue,4475446000.0,PLTR,annual
2025-12-31,Total Revenue,1406802000.0,PLTR,quarterly
2021-09-30,Basic EPS,,QCOM,annual
2021-09-30,Cost Of Revenue,,QCOM,annual
2021-09-30,EBITDA,,QCOM,annual
2021-09-30,Gross Profit,,QCOM,annual
2021-09-30,Net Income,,QCOM,annual
2021-09-30,Operating Expense,,QCOM,annual
2021-09-30,Operating Income,,QCOM,annual
2021-09-30,Total Revenue,,QCOM,annual
2022-09-30,Basic EPS,11.52,QCOM,annual
2022-09-30,Cost Of Revenue,18635000000.0,QCOM,annual
2022-09-30,EBITDA,17250000000.0,QCOM,annual
2022-09-30,Gross Profit,25565000000.0,QCOM,annual
2022-09-30,Net Income,12936000000.0,QCOM,annual
2022-09-30,Operating Expense,9705000000.0,QCOM,annual
2022-09-30,Operating Income,15860000000.0,QCOM,annual
2022-09-30,Total Revenue,44200000000.0,QCOM,annual
2023-09-30,Basic EPS,6.47,QCOM,annual
2023-09-30,Cost Of Revenue,15869000000.0,QCOM,annual
2023-09-30,EBITDA,9946000000.0,QCOM,annual
2023-09-30,Gross Profit,19951000000.0,QCOM,annual
2023-09-30,Net Income,7232000000.0,QCOM,annual
2023-09-30,Operating Expense,11301000000.0,QCOM,annual
2023-09-30,Operating Income,8650000000.0,QCOM,annual
2023-09-30,Total Revenue,35820000000.0,QCOM,annual
2024-09-30,Basic EPS,9.09,QCOM,annual
2024-09-30,Basic EPS,,QCOM,quarterly
2024-09-30,Cost Of Revenue,17060000000.0,QCOM,annual
2024-09-30,Cost Of Revenue,,QCOM,quarterly
2024-09-30,EBITDA,12739000000.0,QCOM,annual
2024-09-30,EBITDA,,QCOM,quarterly
2024-09-30,Gross Profit,21902000000.0,QCOM,annual
2024-09-30,Gross Profit,,QCOM,quarterly
2024-09-30,Net Income,10142000000.0,QCOM,annual
2024-09-30,Net Income,,QCOM,quarterly
2024-09-30,Operating Expense,11649000000.0,QCOM,annual
2024-09-30,Operating Expense,,QCOM,quarterly
2024-09-30,Operating Income,10253000000.0,QCOM,annual
2024-09-30,Operating Income,,QCOM,quarterly
2024-09-30,Total Revenue,38962000000.0,QCOM,annual
2024-09-30,Total Revenue,,QCOM,quarterly
2024-12-31,Basic EPS,,QCOM,quarterly
2024-12-31,Cost Of Revenue,,QCOM,quarterly
2024-12-31,EBITDA,,QCOM,quarterly
2024-12-31,Gross Profit,,QCOM,quarterly
2024-12-31,Net Income,,QCOM,quarterly
2024-12-31,Operating Expense,,QCOM,quarterly
2024-12-31,Operating Income,,QCOM,quarterly
2024-12-31,Total Revenue,,QCOM,quarterly
2025-03-31,Basic EPS,2.55,QCOM,quarterly
2025-03-31,Cost Of Revenue,4937000000.0,QCOM,quarterly
2025-03-31,EBITDA,3665000000.0,QCOM,quarterly
2025-03-31,Gross Profit,6042000000.0,QCOM,quarterly
2025-03-31,Net Income,2812000000.0,QCOM,quarterly
2025-03-31,Operating Expense,2922000000.0,QCOM,quarterly
2025-03-31,Operating Income,3120000000.0,QCOM,quarterly
2025-03-31,Total Revenue,10979000000.0,QCOM,quarterly
2025-06-30,Basic EPS,2.44,QCOM,quarterly
2025-06-30,Cost Of Revenue,4606000000.0,QCOM,quarterly
2025-06-30,EBITDA,3518000000.0,QCOM,quarterly
2025-06-30,Gross Profit,5759000000.0,QCOM,quarterly
2025-06-30,Net Income,2666000000.0,QCOM,quarterly
2025-06-30,Operating Expense,2997000000.0,QCOM,quarterly
2025-06-30,Operating Income,2762000000.0,QCOM,quarterly
2025-06-30,Total Revenue,10365000000.0,QCOM,quarterly
2025-09-30,Basic EPS,5.05,QCOM,annual
2025-09-30,Basic EPS,-2.89,QCOM,quarterly
2025-09-30,Cost Of Revenue,19738000000.0,QCOM,annual
2025-09-30,Cost Of Revenue,5034000000.0,QCOM,quarterly
2025-09-30,EBITDA,14929000000.0,QCOM,annual
2025-09-30,EBITDA,3513000000.0,QCOM,quarterly
2025-09-30,Gross Profit,24546000000.0,QCOM,annual
2025-09-30,Gross Profit,6237000000.0,QCOM,quarterly
2025-09-30,Net Income,5541000000.0,QCOM,annual
2025-09-30,Net Income,-3117000000.0,QCOM,quarterly
2025-09-30,Operating Expense,12152000000.0,QCOM,annual
2025-09-30,Operating Expense,3280000000.0,QCOM,quarterly
2025-09-30,Operating Income,12394000000.0,QCOM,annual
2025-09-30,Operating Income,2957000000.0,QCOM,quarterly
2025-09-30,Total Revenue,44284000000.0,QCOM,annual
2025-09-30,Total Revenue,11271000000.0,QCOM,quarterly
2025-12-31,Basic EPS,2.81,QCOM,quarterly
2025-12-31,Cost Of Revenue,5568000000.0,QCOM,quarterly
2025-12-31,EBITDA,4109000000.0,QCOM,quarterly
2025-12-31,Gross Profit,6684000000.0,QCOM,quarterly
2025-12-31,Net Income,3004000000.0,QCOM,quarterly
2025-12-31,Operating Expense,3318000000.0,QCOM,quarterly
2025-12-31,Operating Income,3366000000.0,QCOM,quarterly
2025-12-31,Total Revenue,12252000000.0,QCOM,quarterly
2026-03-31,Basic EPS,6.92,QCOM,quarterly
2026-03-31,Cost Of Revenue,4900000000.0,QCOM,quarterly
2026-03-31,EBITDA,2816000000.0,QCOM,quarterly
2026-03-31,Gross Profit,5699000000.0,QCOM,quarterly
2026-03-31,Net Income,7370000000.0,QCOM,quarterly
2026-03-31,Operating Expense,3390000000.0,QCOM,quarterly
2026-03-31,Operating Income,2309000000.0,QCOM,quarterly
2026-03-31,Total Revenue,10599000000.0,QCOM,quarterly
2022-12-31,Basic EPS,-1.072791,RDDT,annual
2022-12-31,Cost Of Revenue,104799000.0,RDDT,annual
2022-12-31,EBITDA,-164162000.0,RDDT,annual
2022-12-31,Gross Profit,561902000.0,RDDT,annual
2022-12-31,Net Income,-158550000.0,RDDT,annual
2022-12-31,Operating Expense,734064000.0,RDDT,annual
2022-12-31,Operating Income,-172162000.0,RDDT,annual
2022-12-31,Total Revenue,666701000.0,RDDT,annual
2023-12-31,Basic EPS,-0.571245,RDDT,annual
2023-12-31,Cost Of Revenue,111011000.0,RDDT,annual
2023-12-31,EBITDA,-126459000.0,RDDT,annual
2023-12-31,Gross Profit,693018000.0,RDDT,annual
2023-12-31,Net Income,-90824000.0,RDDT,annual
2023-12-31,Operating Expense,833179000.0,RDDT,annual
2023-12-31,Operating Income,-140161000.0,RDDT,annual
2023-12-31,Total Revenue,804029000.0,RDDT,annual
2024-12-31,Basic EPS,-3.33,RDDT,annual
2024-12-31,Cost Of Revenue,123595000.0,RDDT,annual
2024-12-31,EBITDA,-544925000.0,RDDT,annual
2024-12-31,Gross Profit,1176610000.0,RDDT,annual
2024-12-31,Net Income,-484276000.0,RDDT,annual
2024-12-31,Operating Expense,1737178000.0,RDDT,annual
2024-12-31,Operating Income,-560568000.0,RDDT,annual
2024-12-31,Total Revenue,1300205000.0,RDDT,annual
2025-03-31,Basic EPS,0.14,RDDT,quarterly
2025-03-31,Cost Of Revenue,37089000.0,RDDT,quarterly
2025-03-31,EBITDA,7866000.0,RDDT,quarterly
2025-03-31,Gross Profit,355272000.0,RDDT,quarterly
2025-03-31,Net Income,26158000.0,RDDT,quarterly
2025-03-31,Operating Expense,351369000.0,RDDT,quarterly
2025-03-31,Operating Income,3903000.0,RDDT,quarterly
2025-03-31,Total Revenue,392361000.0,RDDT,quarterly
2025-06-30,Basic EPS,0.48,RDDT,quarterly
2025-06-30,Cost Of Revenue,45900000.0,RDDT,quarterly
2025-06-30,EBITDA,71645000.0,RDDT,quarterly
2025-06-30,Gross Profit,453727000.0,RDDT,quarterly
2025-06-30,Net Income,89297000.0,RDDT,quarterly
2025-06-30,Operating Expense,386016000.0,RDDT,quarterly
2025-06-30,Operating Income,67711000.0,RDDT,quarterly
2025-06-30,Total Revenue,499627000.0,RDDT,quarterly
2025-09-30,Basic EPS,0.87,RDDT,quarterly
2025-09-30,Cost Of Revenue,52509000.0,RDDT,quarterly
2025-09-30,EBITDA,142442000.0,RDDT,quarterly
2025-09-30,Gross Profit,532402000.0,RDDT,quarterly
2025-09-30,Net Income,162663000.0,RDDT,quarterly
2025-09-30,Operating Expense,393860000.0,RDDT,quarterly
2025-09-30,Operating Income,138542000.0,RDDT,quarterly
2025-09-30,Total Revenue,584911000.0,RDDT,quarterly
2025-12-31,Basic EPS,2.84,RDDT,annual
2025-12-31,Basic EPS,1.32,RDDT,quarterly
2025-12-31,Cost Of Revenue,194216000.0,RDDT,annual
2025-12-31,Cost Of Revenue,58718000.0,RDDT,quarterly
2025-12-31,EBITDA,457932000.0,RDDT,annual
2025-12-31,EBITDA,235979000.0,RDDT,quarterly
2025-12-31,Gross Profit,2008290000.0,RDDT,annual
2025-12-31,Gross Profit,666889000.0,RDDT,quarterly
2025-12-31,Net Income,529721000.0,RDDT,annual
2025-12-31,Net Income,251603000.0,RDDT,quarterly
2025-12-31,Operating Expense,1566306000.0,RDDT,annual
2025-12-31,Operating Expense,435061000.0,RDDT,quarterly
2025-12-31,Operating Income,441984000.0,RDDT,annual
2025-12-31,Operating Income,231828000.0,RDDT,quarterly
2025-12-31,Total Revenue,2202506000.0,RDDT,annual
2025-12-31,Total Revenue,725607000.0,RDDT,quarterly
2026-03-31,Basic EPS,1.07,RDDT,quarterly
2026-03-31,Cost Of Revenue,56267000.0,RDDT,quarterly
2026-03-31,EBITDA,187122000.0,RDDT,quarterly
2026-03-31,Gross Profit,607144000.0,RDDT,quarterly
2026-03-31,Net Income,203981000.0,RDDT,quarterly
2026-03-31,Operating Expense,424232000.0,RDDT,quarterly
2026-03-31,Operating Income,182912000.0,RDDT,quarterly
2026-03-31,Total Revenue,663411000.0,RDDT,quarterly
2021-12-31,Basic EPS,,TSLA,annual
2021-12-31,Cost Of Revenue,,TSLA,annual
2021-12-31,EBITDA,,TSLA,annual
2021-12-31,Gross Profit,,TSLA,annual
2021-12-31,Net Income,,TSLA,annual
2021-12-31,Operating Expense,,TSLA,annual
2021-12-31,Operating Income,,TSLA,annual
2021-12-31,Total Revenue,,TSLA,annual
2022-12-31,Basic EPS,4.02,TSLA,annual
2022-12-31,Cost Of Revenue,60609000000.0,TSLA,annual
2022-12-31,EBITDA,17657000000.0,TSLA,annual
2022-12-31,Gross Profit,20853000000.0,TSLA,annual
2022-12-31,Net Income,12583000000.0,TSLA,annual
2022-12-31,Operating Expense,7021000000.0,TSLA,annual
2022-12-31,Operating Income,13832000000.0,TSLA,annual
2022-12-31,Total Revenue,81462000000.0,TSLA,annual
2023-12-31,Basic EPS,4.725697,TSLA,annual
2023-12-31,Cost Of Revenue,79113000000.0,TSLA,annual
2023-12-31,EBITDA,14796000000.0,TSLA,annual
2023-12-31,Gross Profit,17660000000.0,TSLA,annual
2023-12-31,Net Income,14999000000.0,TSLA,annual
2023-12-31,Operating Expense,8769000000.0,TSLA,annual
2023-12-31,Operating Income,8891000000.0,TSLA,annual
2023-12-31,Total Revenue,96773000000.0,TSLA,annual
2024-09-30,Basic EPS,,TSLA,quarterly
2024-09-30,Cost Of Revenue,,TSLA,quarterly
2024-09-30,EBITDA,,TSLA,quarterly
2024-09-30,Gross Profit,,TSLA,quarterly
2024-09-30,Net Income,,TSLA,quarterly
2024-09-30,Operating Expense,,TSLA,quarterly
2024-09-30,Operating Income,,TSLA,quarterly
2024-09-30,Total Revenue,,TSLA,quarterly
2024-12-31,Basic EPS,2.23,TSLA,annual
2024-12-31,Basic EPS,,TSLA,quarterly
2024-12-31,Cost Of Revenue,80240000000.0,TSLA,annual
2024-12-31,Cost Of Revenue,,TSLA,quarterly
2024-12-31,EBITDA,14708000000.0,TSLA,annual
2024-12-31,EBITDA,,TSLA,quarterly
2024-12-31,Gross Profit,17450000000.0,TSLA,annual
2024-12-31,Gross Profit,,TSLA,quarterly
2024-12-31,Net Income,7130000000.0,TSLA,annual
2024-12-31,Net Income,,TSLA,quarterly
2024-12-31,Operating Expense,9690000000.0,TSLA,annual
2024-12-31,Operating Expense,,TSLA,quarterly
2024-12-31,Operating Income,7760000000.0,TSLA,annual
2024-12-31,Operating Income,,TSLA,quarterly
2024-12-31,Total Revenue,97690000000.0,TSLA,annual
2024-12-31,Total Revenue,,TSLA,quarterly
2025-03-31,Basic EPS,0.13,TSLA,quarterly
2025-03-31,Cost Of Revenue,16182000000.0,TSLA,quarterly
2025-03-31,EBITDA,2127000000.0,TSLA,quarterly
2025-03-31,Gross Profit,3153000000.0,TSLA,quarterly
2025-03-31,Net Income,409000000.0,TSLA,quarterly
2025-03-31,Operating Expense,2660000000.0,TSLA,quarterly
2025-03-31,Operating Income,493000000.0,TSLA,quarterly
2025-03-31,Total Revenue,19335000000.0,TSLA,quarterly
2025-06-30,Basic EPS,0.36,TSLA,quarterly
2025-06-30,Cost Of Revenue,18618000000.0,TSLA,quarterly
2025-06-30,EBITDA,3068000000.0,TSLA,quarterly
2025-06-30,Gross Profit,3878000000.0,TSLA,quarterly
2025-06-30,Net Income,1172000000.0,TSLA,quarterly
2025-06-30,Operating Expense,2955000000.0,TSLA,quarterly
2025-06-30,Operating Income,923000000.0,TSLA,quarterly
2025-06-30,Total Revenue,22496000000.0,TSLA,quarterly
2025-09-30,Basic EPS,0.43,TSLA,quarterly
2025-09-30,Cost Of Revenue,23041000000.0,TSLA,quarterly
2025-09-30,EBITDA,3660000000.0,TSLA,quarterly
2025-09-30,Gross Profit,5054000000.0,TSLA,quarterly
2025-09-30,Net Income,1373000000.0,TSLA,quarterly
2025-09-30,Operating Expense,3192000000.0,TSLA,quarterly
2025-09-30,Operating Income,1862000000.0,TSLA,quarterly
2025-09-30,Total Revenue,28095000000.0,TSLA,quarterly
2025-12-31,Basic EPS,1.176525,TSLA,annual
2025-12-31,Basic EPS,0.26,TSLA,quarterly
2025-12-31,Cost Of Revenue,77733000000.0,TSLA,annual
2025-12-31,Cost Of Revenue,19892000000.0,TSLA,quarterly
2025-12-31,EBITDA,11764000000.0,TSLA,annual
2025-12-31,EBITDA,2909000000.0,TSLA,quarterly
2025-12-31,Gross Profit,17094000000.0,TSLA,annual
2025-12-31,Gross Profit,5009000000.0,TSLA,quarterly
2025-12-31,Net Income,3794000000.0,TSLA,annual
2025-12-31,Net Income,840000000.0,TSLA,quarterly
2025-12-31,Operating Expense,12245000000.0,TSLA,annual
2025-12-31,Operating Expense,3438000000.0,TSLA,quarterly
2025-12-31,Operating Income,4849000000.0,TSLA,annual
2025-12-31,Operating Income,1571000000.0,TSLA,quarterly
2025-12-31,Total Revenue,94827000000.0,TSLA,annual
2025-12-31,Total Revenue,24901000000.0,TSLA,quarterly
2026-03-31,Basic EPS,0.15,TSLA,quarterly
2026-03-31,Cost Of Revenue,17667000000.0,TSLA,quarterly
2026-03-31,EBITDA,2430000000.0,TSLA,quarterly
2026-03-31,Gross Profit,4720000000.0,TSLA,quarterly
2026-03-31,Net Income,477000000.0,TSLA,quarterly
2026-03-31,Operating Expense,3779000000.0,TSLA,quarterly
2026-03-31,Operating Income,941000000.0,TSLA,quarterly
2026-03-31,Total Revenue,22387000000.0,TSLA,quarterly
2021-12-31,Basic EPS,,TSM,annual
2021-12-31,Basic EPS,,TSM,annual
2021-12-31,Cost Of Revenue,,TSM,annual
2021-12-31,Cost Of Revenue,,TSM,annual
2021-12-31,EBITDA,,TSM,annual
2021-12-31,EBITDA,,TSM,annual
2021-12-31,Gross Profit,,TSM,annual
2021-12-31,Gross Profit,,TSM,annual
2021-12-31,Net Income,,TSM,annual
2021-12-31,Net Income,,TSM,annual
2021-12-31,Operating Expense,,TSM,annual
2021-12-31,Operating Expense,,TSM,annual
2021-12-31,Operating Income,,TSM,annual
2021-12-31,Operating Income,,TSM,annual
2021-12-31,Total Revenue,,TSM,annual
2021-12-31,Total Revenue,,TSM,annual
2022-12-31,Basic EPS,196.0,TSM,annual
2022-12-31,Basic EPS,196.0,TSM,annual
2022-12-31,Cost Of Revenue,915536500000.0,TSM,annual
2022-12-31,Cost Of Revenue,915536500000.0,TSM,annual
2022-12-31,EBITDA,1593076500000.0,TSM,annual
2022-12-31,EBITDA,1593076500000.0,TSM,annual
2022-12-31,Gross Profit,1348354800000.0,TSM,annual
2022-12-31,Gross Profit,1348354800000.0,TSM,annual
2022-12-31,Net Income,992923400000.0,TSM,annual
2022-12-31,Net Income,992923400000.0,TSM,annual
2022-12-31,Operating Expense,227128300000.0,TSM,annual
2022-12-31,Operating Expense,227128300000.0,TSM,annual
2022-12-31,Operating Income,1121226500000.0,TSM,annual
2022-12-31,Operating Income,1121226500000.0,TSM,annual
2022-12-31,Total Revenue,2263891300000.0,TSM,annual
2022-12-31,Total Revenue,2263891300000.0,TSM,annual
2023-12-31,Basic EPS,161.7,TSM,annual
2023-12-31,Basic EPS,161.7,TSM,annual
2023-12-31,Cost Of Revenue,986625200000.0,TSM,annual
2023-12-31,Cost Of Revenue,986625200000.0,TSM,annual
2023-12-31,EBITDA,1523506800000.0,TSM,annual
2023-12-31,EBITDA,1523506800000.0,TSM,annual
2023-12-31,Gross Profit,1175110600000.0,TSM,annual
2023-12-31,Gross Profit,1175110600000.0,TSM,annual
2023-12-31,Net Income,851740000000.0,TSM,annual
2023-12-31,Net Income,851740000000.0,TSM,annual
2023-12-31,Operating Expense,253680700000.0,TSM,annual
2023-12-31,Operating Expense,253680700000.0,TSM,annual
2023-12-31,Operating Income,921429900000.0,TSM,annual
2023-12-31,Operating Income,921429900000.0,TSM,annual
2023-12-31,Total Revenue,2161735800000.0,TSM,annual
2023-12-31,Total Revenue,2161735800000.0,TSM,annual
2024-09-30,Basic EPS,,TSM,quarterly
2024-09-30,Basic EPS,,TSM,quarterly
2024-09-30,Cost Of Revenue,,TSM,quarterly
2024-09-30,Cost Of Revenue,,TSM,quarterly
2024-09-30,EBITDA,,TSM,quarterly
2024-09-30,EBITDA,,TSM,quarterly
2024-09-30,Gross Profit,,TSM,quarterly
2024-09-30,Gross Profit,,TSM,quarterly
2024-09-30,Net Income,,TSM,quarterly
2024-09-30,Net Income,,TSM,quarterly
2024-09-30,Operating Expense,,TSM,quarterly
2024-09-30,Operating Expense,,TSM,quarterly
2024-09-30,Operating Income,,TSM,quarterly
2024-09-30,Operating Income,,TSM,quarterly
2024-09-30,Total Revenue,,TSM,quarterly
2024-09-30,Total Revenue,,TSM,quarterly
2024-12-31,Basic EPS,226.25,TSM,annual
2024-12-31,Basic EPS,,TSM,quarterly
2024-12-31,Basic EPS,226.25,TSM,annual
2024-12-31,Basic EPS,,TSM,quarterly
2024-12-31,Cost Of Revenue,1269954100000.0,TSM,annual
2024-12-31,Cost Of Revenue,356082992000.0,TSM,quarterly
2024-12-31,Cost Of Revenue,1269954100000.0,TSM,annual
2024-12-31,Cost Of Revenue,356082992000.0,TSM,quarterly
2024-12-31,EBITDA,2079132000000.0,TSM,annual
2024-12-31,EBITDA,621700871000.0,TSM,quarterly
2024-12-31,EBITDA,2079132000000.0,TSM,annual
2024-12-31,EBITDA,621700871000.0,TSM,quarterly
2024-12-31,Gross Profit,1624353600000.0,TSM,annual
2024-12-31,Gross Profit,512378187000.0,TSM,quarterly
2024-12-31,Gross Profit,1624353600000.0,TSM,annual
2024-12-31,Gross Profit,512378187000.0,TSM,quarterly
2024-12-31,Net Income,1158380200000.0,TSM,annual
2024-12-31,Net Income,359792224000.0,TSM,quarterly
2024-12-31,Net Income,1158380200000.0,TSM,annual
2024-12-31,Net Income,359792224000.0,TSM,quarterly
2024-12-31,Operating Expense,302350500000.0,TSM,annual
2024-12-31,Operating Expense,86679956000.0,TSM,quarterly
2024-12-31,Operating Expense,302350500000.0,TSM,annual
2024-12-31,Operating Expense,86679956000.0,TSM,quarterly
2024-12-31,Operating Income,1322003100000.0,TSM,annual
2024-12-31,Operating Income,425698231000.0,TSM,quarterly
2024-12-31,Operating Income,1322003100000.0,TSM,annual
2024-12-31,Operating Income,425698231000.0,TSM,quarterly
2024-12-31,Total Revenue,2894307700000.0,TSM,annual
2024-12-31,Total Revenue,868461179000.0,TSM,quarterly
2024-12-31,Total Revenue,2894307700000.0,TSM,annual
2024-12-31,Total Revenue,868461179000.0,TSM,quarterly
2025-03-31,Basic EPS,69.75,TSM,quarterly
2025-03-31,Basic EPS,69.75,TSM,quarterly
2025-03-31,Cost Of Revenue,345858588000.0,TSM,quarterly
2025-03-31,Cost Of Revenue,345858588000.0,TSM,quarterly
2025-03-31,EBITDA,608711765000.0,TSM,quarterly
2025-03-31,EBITDA,608711765000.0,TSM,quarterly
2025-03-31,Gross Profit,493395076000.0,TSM,quarterly
2025-03-31,Gross Profit,493395076000.0,TSM,quarterly
2025-03-31,Net Income,361564128000.0,TSM,quarterly
2025-03-31,Net Income,361564128000.0,TSM,quarterly
2025-03-31,Operating Expense,86305908000.0,TSM,quarterly
2025-03-31,Operating Expense,86305908000.0,TSM,quarterly
2025-03-31,Operating Income,407089168000.0,TSM,quarterly
2025-03-31,Operating Income,407089168000.0,TSM,quarterly
2025-03-31,Total Revenue,839253664000.0,TSM,quarterly
2025-03-31,Total Revenue,839253664000.0,TSM,quarterly
2025-06-30,Basic EPS,76.8,TSM,quarterly
2025-06-30,Basic EPS,76.8,TSM,quarterly
2025-06-30,Cost Of Revenue,386422631000.0,TSM,quarterly
2025-06-30,Cost Of Revenue,386422631000.0,TSM,quarterly
2025-06-30,EBITDA,684784211000.0,TSM,quarterly
2025-06-30,EBITDA,684784211000.0,TSM,quarterly
2025-06-30,Gross Profit,547369238000.0,TSM,quarterly
2025-06-30,Gross Profit,547369238000.0,TSM,quarterly
2025-06-30,Net Income,398273102000.0,TSM,quarterly
2025-06-30,Net Income,398273102000.0,TSM,quarterly
2025-06-30,Operating Expense,83928740000.0,TSM,quarterly
2025-06-30,Operating Expense,83928740000.0,TSM,quarterly
2025-06-30,Operating Income,463440498000.0,TSM,quarterly
2025-06-30,Operating Income,463440498000.0,TSM,quarterly
2025-06-30,Total Revenue,933791869000.0,TSM,quarterly
2025-06-30,Total Revenue,933791869000.0,TSM,quarterly
2025-09-30,Basic EPS,87.2,TSM,quarterly
2025-09-30,Basic EPS,87.2,TSM,quarterly
2025-09-30,Cost Of Revenue,401375489000.0,TSM,quarterly
2025-09-30,Cost Of Revenue,401375489000.0,TSM,quarterly
2025-09-30,EBITDA,691114862000.0,TSM,quarterly
2025-09-30,EBITDA,691114862000.0,TSM,quarterly
2025-09-30,Gross Profit,588542829000.0,TSM,quarterly
2025-09-30,Gross Profit,588542829000.0,TSM,quarterly
2025-09-30,Net Income,452301407000.0,TSM,quarterly
2025-09-30,Net Income,452301407000.0,TSM,quarterly
2025-09-30,Operating Expense,87858011000.0,TSM,quarterly
2025-09-30,Operating Expense,87858011000.0,TSM,quarterly
2025-09-30,Operating Income,500684818000.0,TSM,quarterly
2025-09-30,Operating Income,500684818000.0,TSM,quarterly
2025-09-30,Total Revenue,989918318000.0,TSM,quarterly
2025-09-30,Total Revenue,989918318000.0,TSM,quarterly
2025-12-31,Basic EPS,331.3,TSM,annual
2025-12-31,Basic EPS,97.5,TSM,quarterly
2025-12-31,Basic EPS,331.3,TSM,annual
2025-12-31,Basic EPS,97.5,TSM,quarterly
2025-12-31,Cost Of Revenue,1527760300000.0,TSM,annual
2025-12-31,Cost Of Revenue,394103592000.0,TSM,quarterly
2025-12-31,Cost Of Revenue,1527760300000.0,TSM,annual
2025-12-31,Cost Of Revenue,394103592000.0,TSM,quarterly
2025-12-31,EBITDA,2742121500000.0,TSM,annual
2025-12-31,EBITDA,757510662000.0,TSM,quarterly
2025-12-31,EBITDA,2742121500000.0,TSM,annual
2025-12-31,EBITDA,757510662000.0,TSM,quarterly
2025-12-31,Gross Profit,2281294000000.0,TSM,annual
2025-12-31,Gross Profit,651986857000.0,TSM,quarterly
2025-12-31,Gross Profit,2281294000000.0,TSM,annual
2025-12-31,Gross Profit,651986857000.0,TSM,quarterly
2025-12-31,Net Income,1697604000000.0,TSM,annual
2025-12-31,Net Income,485465363000.0,TSM,quarterly
2025-12-31,Net Income,1697604000000.0,TSM,annual
2025-12-31,Net Income,485465363000.0,TSM,quarterly
2025-12-31,Operating Expense,345198400000.0,TSM,annual
2025-12-31,Operating Expense,87080521000.0,TSM,quarterly
2025-12-31,Operating Expense,345198400000.0,TSM,annual
2025-12-31,Operating Expense,87080521000.0,TSM,quarterly
2025-12-31,Operating Income,1936095600000.0,TSM,annual
2025-12-31,Operating Income,564906336000.0,TSM,quarterly
2025-12-31,Operating Income,1936095600000.0,TSM,annual
2025-12-31,Operating Income,564906336000.0,TSM,quarterly
2025-12-31,Total Revenue,3809054300000.0,TSM,annual
2025-12-31,Total Revenue,1046090449000.0,TSM,quarterly
2025-12-31,Total Revenue,3809054300000.0,TSM,annual
2025-12-31,Total Revenue,1046090449000.0,TSM,quarterly
2026-03-31,Basic EPS,110.4,TSM,quarterly
2026-03-31,Basic EPS,110.4,TSM,quarterly
2026-03-31,Cost Of Revenue,,TSM,quarterly
2026-03-31,Cost Of Revenue,,TSM,quarterly
2026-03-31,EBITDA,,TSM,quarterly
2026-03-31,EBITDA,,TSM,quarterly
2026-03-31,Gross Profit,,TSM,quarterly
2026-03-31,Gross Profit,,TSM,quarterly
2026-03-31,Net Income,,TSM,quarterly
2026-03-31,Net Income,,TSM,quarterly
2026-03-31,Operating Expense,,TSM,quarterly
2026-03-31,Operating Expense,,TSM,quarterly
2026-03-31,Operating Income,,TSM,quarterly
2026-03-31,Operating Income,,TSM,quarterly
2026-03-31,Total Revenue,,TSM,quarterly
2026-03-31,Total Revenue,,TSM,quarterly
2021-12-31,Basic EPS,,UNH,annual
2021-12-31,Cost Of Revenue,,UNH,annual
2021-12-31,EBITDA,,UNH,annual
2021-12-31,Gross Profit,,UNH,annual
2021-12-31,Net Income,,UNH,annual
2021-12-31,Operating Expense,,UNH,annual
2021-12-31,Operating Income,,UNH,annual
2021-12-31,Total Revenue,,UNH,annual
2022-12-31,Basic EPS,21.541756,UNH,annual
2022-12-31,Cost Of Revenue,244545000000.0,UNH,annual
2022-12-31,EBITDA,31835000000.0,UNH,annual
2022-12-31,Gross Profit,79617000000.0,UNH,annual
2022-12-31,Net Income,20120000000.0,UNH,annual
2022-12-31,Operating Expense,51182000000.0,UNH,annual
2022-12-31,Operating Income,28435000000.0,UNH,annual
2022-12-31,Total Revenue,324162000000.0,UNH,annual
2023-12-31,Basic EPS,24.221861,UNH,annual
2023-12-31,Cost Of Revenue,280664000000.0,UNH,annual
2023-12-31,EBITDA,36330000000.0,UNH,annual
2023-12-31,Gross Profit,90958000000.0,UNH,annual
2023-12-31,Net Income,22381000000.0,UNH,annual
2023-12-31,Operating Expense,58600000000.0,UNH,annual
2023-12-31,Operating Income,32358000000.0,UNH,annual
2023-12-31,Total Revenue,371622000000.0,UNH,annual
2024-09-30,Basic EPS,,UNH,quarterly
2024-09-30,Cost Of Revenue,,UNH,quarterly
2024-09-30,EBITDA,,UNH,quarterly
2024-09-30,Gross Profit,,UNH,quarterly
2024-09-30,Net Income,,UNH,quarterly
2024-09-30,Operating Expense,,UNH,quarterly
2024-09-30,Operating Income,,UNH,quarterly
2024-09-30,Total Revenue,,UNH,quarterly
2024-12-31,Basic EPS,15.743169,UNH,annual
2024-12-31,Cost Of Revenue,310879000000.0,UNH,annual
2024-12-31,EBITDA,28076000000.0,UNH,annual
2024-12-31,Gross Profit,89399000000.0,UNH,annual
2024-12-31,Net Income,14405000000.0,UNH,annual
2024-12-31,Operating Expense,57112000000.0,UNH,annual
2024-12-31,Operating Income,32287000000.0,UNH,annual
2024-12-31,Total Revenue,400278000000.0,UNH,annual
2025-03-31,Basic EPS,6.9,UNH,quarterly
2025-03-31,Cost Of Revenue,85801000000.0,UNH,quarterly
2025-03-31,EBITDA,10165000000.0,UNH,quarterly
2025-03-31,Gross Profit,23774000000.0,UNH,quarterly
2025-03-31,Net Income,6292000000.0,UNH,quarterly
2025-03-31,Operating Expense,14655000000.0,UNH,quarterly
2025-03-31,Operating Income,9119000000.0,UNH,quarterly
2025-03-31,Total Revenue,109575000000.0,UNH,quarterly
2025-06-30,Basic EPS,3.76,UNH,quarterly
2025-06-30,Cost Of Revenue,91604000000.0,UNH,quarterly
2025-06-30,EBITDA,6193000000.0,UNH,quarterly
2025-06-30,Gross Profit,20012000000.0,UNH,quarterly
2025-06-30,Net Income,3406000000.0,UNH,quarterly
2025-06-30,Operating Expense,14862000000.0,UNH,quarterly
2025-06-30,Operating Income,5150000000.0,UNH,quarterly
2025-06-30,Total Revenue,111616000000.0,UNH,quarterly
2025-09-30,Basic EPS,2.59,UNH,quarterly
2025-09-30,Cost Of Revenue,92524000000.0,UNH,quarterly
2025-09-30,EBITDA,5331000000.0,UNH,quarterly
2025-09-30,Gross Profit,20637000000.0,UNH,quarterly
2025-09-30,Net Income,2348000000.0,UNH,quarterly
2025-09-30,Operating Expense,16322000000.0,UNH,quarterly
2025-09-30,Operating Income,4315000000.0,UNH,quarterly
2025-09-30,Total Revenue,113161000000.0,UNH,quarterly
2025-12-31,Basic EPS,13.28,UNH,annual
2025-12-31,Basic EPS,0.011039,UNH,quarterly
2025-12-31,Cost Of Revenue,364650000000.0,UNH,annual
2025-12-31,Cost Of Revenue,94721000000.0,UNH,quarterly
2025-12-31,EBITDA,23060000000.0,UNH,annual
2025-12-31,EBITDA,1371000000.0,UNH,quarterly
2025-12-31,Gross Profit,82917000000.0,UNH,annual
2025-12-31,Gross Profit,18494000000.0,UNH,quarterly
2025-12-31,Net Income,12056000000.0,UNH,annual
2025-12-31,Net Income,10000000.0,UNH,quarterly
2025-12-31,Operating Expense,63953000000.0,UNH,annual
2025-12-31,Operating Expense,18114000000.0,UNH,quarterly
2025-12-31,Operating Income,18964000000.0,UNH,annual
2025-12-31,Operating Income,380000000.0,UNH,quarterly
2025-12-31,Total Revenue,447567000000.0,UNH,annual
2025-12-31,Total Revenue,113215000000.0,UNH,quarterly
2026-03-31,Basic EPS,6.92,UNH,quarterly
2026-03-31,Cost Of Revenue,86312000000.0,UNH,quarterly
2026-03-31,EBITDA,9947000000.0,UNH,quarterly
2026-03-31,Gross Profit,25409000000.0,UNH,quarterly
2026-03-31,Net Income,6280000000.0,UNH,quarterly
2026-03-31,Operating Expense,16419000000.0,UNH,quarterly
2026-03-31,Operating Income,8990000000.0,UNH,quarterly
2026-03-31,Total Revenue,111721000000.0,UNH,quarterly
2021-12-31,Basic EPS,,VIST,annual
2021-12-31,Cost Of Revenue,,VIST,annual
2021-12-31,EBITDA,,VIST,annual
2021-12-31,Gross Profit,,VIST,annual
2021-12-31,Net Income,,VIST,annual
2021-12-31,Operating Expense,,VIST,annual
2021-12-31,Operating Income,,VIST,annual
2021-12-31,Total Revenue,,VIST,annual
2022-12-31,Basic EPS,3.068,VIST,annual
2022-12-31,Cost Of Revenue,557424000.0,VIST,annual
2022-12-31,EBITDA,701552000.0,VIST,annual
2022-12-31,Gross Profit,630236000.0,VIST,annual
2022-12-31,Net Income,269535000.0,VIST,annual
2022-12-31,Operating Expense,100558000.0,VIST,annual
2022-12-31,Operating Income,529678000.0,VIST,annual
2022-12-31,Total Revenue,1187660000.0,VIST,annual
2023-12-31,Basic EPS,4.237,VIST,annual
2023-12-31,Cost Of Revenue,577525000.0,VIST,annual
2023-12-31,EBITDA,848372000.0,VIST,annual
2023-12-31,Gross Profit,591249000.0,VIST,annual
2023-12-31,Net Income,396955000.0,VIST,annual
2023-12-31,Operating Expense,-65099000.0,VIST,annual
2023-12-31,Operating Income,656348000.0,VIST,annual
2023-12-31,Total Revenue,1168774000.0,VIST,annual
2024-09-30,Basic EPS,,VIST,quarterly
2024-09-30,Cost Of Revenue,,VIST,quarterly
2024-09-30,EBITDA,,VIST,quarterly
2024-09-30,Gross Profit,,VIST,quarterly
2024-09-30,Net Income,,VIST,quarterly
2024-09-30,Operating Expense,,VIST,quarterly
2024-09-30,Operating Income,,VIST,quarterly
2024-09-30,Total Revenue,,VIST,quarterly
2024-12-31,Basic EPS,4.979,VIST,annual
2024-12-31,Basic EPS,,VIST,quarterly
2024-12-31,Cost Of Revenue,830025000.0,VIST,annual
2024-12-31,Cost Of Revenue,,VIST,quarterly
2024-12-31,EBITDA,1095767000.0,VIST,annual
2024-12-31,EBITDA,,VIST,quarterly
2024-12-31,Gross Profit,817743000.0,VIST,annual
2024-12-31,Gross Profit,,VIST,quarterly
2024-12-31,Net Income,477521000.0,VIST,annual
2024-12-31,Net Income,,VIST,quarterly
2024-12-31,Operating Expense,196560000.0,VIST,annual
2024-12-31,Operating Expense,,VIST,quarterly
2024-12-31,Operating Income,621183000.0,VIST,annual
2024-12-31,Operating Income,,VIST,quarterly
2024-12-31,Total Revenue,1647768000.0,VIST,annual
2024-12-31,Total Revenue,,VIST,quarterly
2025-03-31,Basic EPS,0.858,VIST,quarterly
2025-03-31,Cost Of Revenue,226503000.0,VIST,quarterly
2025-03-31,EBITDA,286489000.0,VIST,quarterly
2025-03-31,Gross Profit,211953000.0,VIST,quarterly
2025-03-31,Net Income,82793000.0,VIST,quarterly
2025-03-31,Operating Expense,69762000.0,VIST,quarterly
2025-03-31,Operating Income,142191000.0,VIST,quarterly
2025-03-31,Total Revenue,438456000.0,VIST,quarterly
2025-06-30,Basic EPS,2.257,VIST,quarterly
2025-06-30,Cost Of Revenue,325346000.0,VIST,quarterly
2025-06-30,EBITDA,517979000.0,VIST,quarterly
2025-06-30,Gross Profit,285196000.0,VIST,quarterly
2025-06-30,Net Income,235289000.0,VIST,quarterly
2025-06-30,Operating Expense,65208000.0,VIST,quarterly
2025-06-30,Operating Income,219988000.0,VIST,quarterly
2025-06-30,Total Revenue,610542000.0,VIST,quarterly
2025-09-30,Basic EPS,3.006,VIST,quarterly
2025-09-30,Cost Of Revenue,368944000.0,VIST,quarterly
2025-09-30,EBITDA,699268000.0,VIST,quarterly
2025-09-30,Gross Profit,337191000.0,VIST,quarterly
2025-09-30,Net Income,315286000.0,VIST,quarterly
2025-09-30,Operating Expense,84856000.0,VIST,quarterly
2025-09-30,Operating Income,252335000.0,VIST,quarterly
2025-09-30,Total Revenue,706135000.0,VIST,quarterly
2025-12-31,Basic EPS,7.015,VIST,annual
2025-12-31,Basic EPS,0.822,VIST,quarterly
2025-12-31,Cost Of Revenue,1299167000.0,VIST,annual
2025-12-31,Cost Of Revenue,378374000.0,VIST,quarterly
2025-12-31,EBITDA,1973231000.0,VIST,annual
2025-12-31,EBITDA,469495000.0,VIST,quarterly
2025-12-31,Gross Profit,1175030000.0,VIST,annual
2025-12-31,Gross Profit,340690000.0,VIST,quarterly
2025-12-31,Net Income,719063000.0,VIST,annual
2025-12-31,Net Income,85695000.0,VIST,quarterly
2025-12-31,Operating Expense,346603000.0,VIST,annual
2025-12-31,Operating Expense,126777000.0,VIST,quarterly
2025-12-31,Operating Income,828427000.0,VIST,annual
2025-12-31,Operating Income,213913000.0,VIST,quarterly
2025-12-31,Total Revenue,2474197000.0,VIST,annual
2025-12-31,Total Revenue,719064000.0,VIST,quarterly
2026-03-31,Basic EPS,1.03,VIST,quarterly
2026-03-31,Cost Of Revenue,392655000.0,VIST,quarterly
2026-03-31,EBITDA,431149000.0,VIST,quarterly
2026-03-31,Gross Profit,472357000.0,VIST,quarterly
2026-03-31,Net Income,107713000.0,VIST,quarterly
2026-03-31,Operating Expense,256240000.0,VIST,quarterly
2026-03-31,Operating Income,216117000.0,VIST,quarterly
2026-03-31,Total Revenue,865012000.0,VIST,quarterly
2021-12-31,Basic EPS,,YPF,annual
2021-12-31,Cost Of Revenue,,YPF,annual
2021-12-31,EBITDA,,YPF,annual
2021-12-31,Gross Profit,,YPF,annual
2021-12-31,Net Income,,YPF,annual
2021-12-31,Operating Expense,,YPF,annual
2021-12-31,Operating Income,,YPF,annual
2021-12-31,Total Revenue,,YPF,annual
2022-12-31,Basic EPS,4.173073,YPF,annual
2022-12-31,Cost Of Revenue,13684000000.0,YPF,annual
2022-12-31,EBITDA,6706000000.0,YPF,annual
2022-12-31,Gross Profit,4753000000.0,YPF,annual
2022-12-31,Net Income,2228000000.0,YPF,annual
2022-12-31,Operating Expense,2293000000.0,YPF,annual
2022-12-31,Operating Income,2460000000.0,YPF,annual
2022-12-31,Total Revenue,18437000000.0,YPF,annual
2023-12-31,Basic EPS,-3.35,YPF,annual
2023-12-31,Cost Of Revenue,13853000000.0,YPF,annual
2023-12-31,EBITDA,2560000000.0,YPF,annual
2023-12-31,Gross Profit,3142000000.0,YPF,annual
2023-12-31,Net Income,-1312000000.0,YPF,annual
2023-12-31,Operating Expense,2049000000.0,YPF,annual
2023-12-31,Operating Income,1093000000.0,YPF,annual
2023-12-31,Total Revenue,16995000000.0,YPF,annual
2024-12-31,Basic EPS,5.99,YPF,annual
2024-12-31,Basic EPS,-0.74,YPF,quarterly
2024-12-31,Cost Of Revenue,13910000000.0,YPF,annual
2024-12-31,Cost Of Revenue,3756000000.0,YPF,quarterly
2024-12-31,EBITDA,4791000000.0,YPF,annual
2024-12-31,EBITDA,513000000.0,YPF,quarterly
2024-12-31,Gross Profit,5214000000.0,YPF,annual
2024-12-31,Gross Profit,1001000000.0,YPF,quarterly
2024-12-31,Net Income,2348000000.0,YPF,annual
2024-12-31,Net Income,-290000000.0,YPF,quarterly
2024-12-31,Operating Expense,3228000000.0,YPF,annual
2024-12-31,Operating Expense,1108000000.0,YPF,quarterly
2024-12-31,Operating Income,1986000000.0,YPF,annual
2024-12-31,Operating Income,-107000000.0,YPF,quarterly
2024-12-31,Total Revenue,19124000000.0,YPF,annual
2024-12-31,Total Revenue,4757000000.0,YPF,quarterly
2025-03-31,Basic EPS,-0.04,YPF,quarterly
2025-03-31,Cost Of Revenue,3329000000.0,YPF,quarterly
2025-03-31,EBITDA,1080000000.0,YPF,quarterly
2025-03-31,Gross Profit,1271000000.0,YPF,quarterly
2025-03-31,Net Income,-16000000.0,YPF,quarterly
2025-03-31,Operating Expense,859000000.0,YPF,quarterly
2025-03-31,Operating Income,412000000.0,YPF,quarterly
2025-03-31,Total Revenue,4600000000.0,YPF,quarterly
2025-06-30,Basic EPS,0.13,YPF,quarterly
2025-06-30,Cost Of Revenue,3468000000.0,YPF,quarterly
2025-06-30,EBITDA,1186000000.0,YPF,quarterly
2025-06-30,Gross Profit,1173000000.0,YPF,quarterly
2025-06-30,Net Income,50000000.0,YPF,quarterly
2025-06-30,Operating Expense,770000000.0,YPF,quarterly
2025-06-30,Operating Income,403000000.0,YPF,quarterly
2025-06-30,Total Revenue,4641000000.0,YPF,quarterly
2025-09-30,Basic EPS,-0.53,YPF,quarterly
2025-09-30,Cost Of Revenue,3319000000.0,YPF,quarterly
2025-09-30,EBITDA,1432000000.0,YPF,quarterly
2025-09-30,Gross Profit,1324000000.0,YPF,quarterly
2025-09-30,Net Income,-206000000.0,YPF,quarterly
2025-09-30,Operating Expense,767000000.0,YPF,quarterly
2025-09-30,Operating Income,557000000.0,YPF,quarterly
2025-09-30,Total Revenue,4643000000.0,YPF,quarterly
2025-12-31,Basic EPS,-2.11,YPF,annual
2025-12-31,Basic EPS,-1.67,YPF,quarterly
2025-12-31,Cost Of Revenue,13348000000.0,YPF,annual
2025-12-31,Cost Of Revenue,3232000000.0,YPF,quarterly
2025-12-31,EBITDA,5048000000.0,YPF,annual
2025-12-31,EBITDA,1380000000.0,YPF,quarterly
2025-12-31,Gross Profit,4936000000.0,YPF,annual
2025-12-31,Gross Profit,1312000000.0,YPF,quarterly
2025-12-31,Net Income,-826000000.0,YPF,annual
2025-12-31,Net Income,-654000000.0,YPF,quarterly
2025-12-31,Operating Expense,3306000000.0,YPF,annual
2025-12-31,Operating Expense,863000000.0,YPF,quarterly
2025-12-31,Operating Income,1630000000.0,YPF,annual
2025-12-31,Operating Income,449000000.0,YPF,quarterly
2025-12-31,Total Revenue,18284000000.0,YPF,annual
2025-12-31,Total Revenue,4544000000.0,YPF,quarterly
